0,服了，登录收取验证码的时候键盘怎么也不出来，这App做的啥呀。还有谷歌账号登陆显示访问被拒，你们的骚操作真的看不懂。
1,正一垃圾！经过安装注册设置密码再邮箱收取验证码验证了！又要电话号码收验证码验证了后就是白屏！白屏！白屏！什么浪费时间的垃圾！！！
2,这是pdf阅读器的始祖，希望开发者能增加一下Beta计划名额。
3,如果想要编辑、转换、合并PDF的话需要交钱，否则只能免费使用7天
4,还以為你能幫我 结果还是失望了 也許是我的问题吧 😂😂 唉。。。。。
5,我也只需要阅读和简单的标注，总体而言挺好用的
6,非常好，有同步记录功能。
7,不支持中国？除了PS和Lr能登录，其他都登不上起
8,很不错，谢谢。
9,好用，如果再详细分类就更好了
10,体验友好，我还是希望高级版能便宜一点
11,刚登陆账号，访问就被拒绝。。。
12,很好，每个文件都能开，棒!
13,非常好用，值得推荐！
14,簡潔明了，易操作
15,很喜欢这个软件 免费 好用 感恩
16,这个APP很方便，很实用
17,为什么一直闪退呢？
18,经典，一直在使用
19,很好用，就是价格贵
20,以为能看照片，结果失望了
21,界面漂亮，使用流畅
22,挺好用，谢谢软件开发商
23,阅读神器是没错关键想解锁高级登ID拒绝无效哎服了代理网速不牛逼还是当阅读器吧
24,不能修改文件名不方便
25,还不错，哈哈哈哈
26,原生的是不错
27,不能給滿分，
28,没有它真不行
29,编辑文字过于困难
30,好用和方便。
31,高级版本太贵了
32,首先我不需要修改的功能，所以单纯的只是阅读功能此应用堪称神器，Pdf的各种阅读模式和夜间模式给好评，其他应用都没有这款好用，毕竟是亲儿子。
33,简单好用
34,太好用了
35,不充钱根本没用
36,好用，尤其是夜间模式非常棒！UI设计也非常专业！
37,免费版的功能对于我来说是够了，偶尔用用，毕竟我不是文员。
38,手机版的使用起来比较方便！
39,阅读模式排版很怪
40,横向pdf自动旋转为横屏显示真的是帮倒忙
41,安卓里面算可以是最好用的吧?见识的少，感觉很棒了。
42,垃圾，刚创建账户就莫名其妙被禁用了。
43,满足我在手机上对PDF文件的一切操作需求
44,更新版本后，启动顺利可以查看pdf
45,非常好，就是可以转各种文件就好了
46,更新后不能从第三方应用跳转，希望修复
47,➤▲ ➤▲ ➤打发时间去浏览器打开 【５６Ｒмв,C〇м】华人最大娱乐平台，英国监管，体育-电竞下注，真人视讯，百家乐，捕鱼，老虎机，棋牌，彩票，电子，关键是注册就送现金，还抽奖百分百中奖送现金，多种游戏免费玩，全新游戏玩法，体验无穷乐趣➤➤➤ 【５６Ｒмв,C〇м】➤➤
48,分享到微信不能显示原文件名
49,很好用的软件
50,好好用。。。
51,添加pfd要钱这个必须得给一星 真不好用
52,刚刚学用……先给3星先
53,更新后搜索功能变的极慢，而且搜索结果逐个显示（之前是现实所有匹配的部分页面，可以逐一点选），最上方也不再显示文档标题。。。。不知道这个更新是为什么。它主要是个PDF阅读器！阅读功能是主打！不是云盘！
54,可以存储文件
55,怎么需要钱
56,越更新越不好用了。卡顿不说，有的以前免费功能现在还要会员才能用。其他应用跳转打开文件，提示登录，不登录完全不能用
57,好用。免费版功能对我来说完成够用了。用来看PDF文件以及PDF图书漫画的观感很棒。
58,打开提示登录。登录上了提示"Acess denied"，关闭之后程序就退出了。另外，不要告诉我有关闭的"X"，我的手机上并没有出现。
59,每一次打開一個文件後，隨即又自動生成一個新的相同的文件，
60,软件有问题 打开本地文件总要登陆 登陆么有拒绝访问 我开了VPN 的也是一样 根本就没有关闭登陆X号 还不如以前的版本 越来越垃圾 卸载了去下载v18.2.0.182935版本问题解决！！希望帮到大家
61,之前都很好，最近更新后卡在启动界面不动了，没看到其他人说的需要登陆等问题，我估计是还没有到那步我就不动了 2020/4/24：最近又有更新，依然卡在启动界面，手机Sumsung Note9，最新系统，不知何故
62,怎么好用的app，不用再下载一些垃圾广告的app。很实用
63,新版的打开大文件异常的卡，老版就没这问题
64,输入账号和密码都拒绝登录，而且用谷歌账户和Facebook账号也都被拒绝，个人认为真的是垃圾。所以只给一星
65,整日使用体验挺不错的，比谷歌、系统自带PDF都要好用。但是我一直好奇为什么我登陆不上账号？每次点进去他都会提醒我账号无授权，希望官方能够解释一下，谢谢！
66,登录被拒绝，而且无法绕过，客服说的右上角的关闭按钮根本不存在！咱们用的是一个应用吗？
67,现在不登录无法进入，但是登录后提示"访问被拒绝 您不再拥有此服务的访问权限。"，依然无法使用。
68,如果只是为了阅读PDF文件的话，不建议用这款App，因为就阅读功能而言不如「静读天下」。 除了阅读之外，其他功能除了添加签名，注释以外，都需要收费！
69,如果字体能改变颜色就更好了，我喜欢字体绿色背景黑色，有种科幻电影的那种感觉。 评论发了超过半年了，怎么没回复？告诉我能不能把字体的颜色改成绿色？
70,访问被拒绝 您不再拥有此服务的访问权限。如果您认为有误，请联系 Adobe 客户支持。 请追踪此链接。 呸。
71,能给0星的话一定给0星。摆明的地域歧视，不管新账户还是旧账户，只要是中国的地址一律没有访问权限，您可真是高高在上。
72,用Adobe的账号打不开，用谷歌账号也打不开，用Facebook的账号就打开了。这是什么毛病？
73,功能还不错，就是不知道为什么除了谷歌账号登陆的没事，其他邮箱注册的在重新打开软件时就会自动退出登录？
74,打开文件的时候一直在加载，把网络关闭以后才能打开文件，这是怎么回事？打开文件必须要联网？
75,非常好用，阅读pdf，批注都非常方便。
76,如果能用手写字更清晰点就更好了
77,新版更新了之后搜索功能用户体验极差，要一个一个往下按，不能像旧版一样一次搜索出所有，非常麻烦！！！
78,更新最新版本后，登录被拒绝，软件关闭。 访问被拒绝，您不再拥有此服务的访问权限
79,您不再拥有此服务的访问权限。如果您认为有误，请联系 Adobe 客户支持。
80,在手机上使用起来很方便，如果能支持更多的网盘就更好了
81,真的垃圾，adobe能不能在移动端下点功夫，google账号和Facebook还有adobe账号都不能登陆，我不管是不是设备问题，其他软件都好好的为什么你就不行？
82,网页上用账号能进入，app用账号总是访问被拒绝。不能登陆，就用不成。只好删除该软件 浪费了我好长时间。
83,开启速度快，方便，如果增加一个打开文件所在位置的功能就更好了。
84,之前用的好好的，一更新就没有访问权限了，这是要闹哪样？
85,请问是否可以查看3D内容。像Windows版本一样。
86,必须登录才能使用，我就偶尔看一下文档，不想登录啊。
87,但是编辑还得花钱……一个月将近10美刀，我也用不了十次，五年前的账号依然可用，还是用我的pc端吧！拜拜
88,我无法登录Adobe账号，显示访问被拒绝，您不在拥有此访问权限，这个怎么解决？
89,我只想说这个软件真的很棒，解决我我在手机看PDF的困难，就是有些高级的功能需要会员才能用到，并且贵到离谱
90,为啥搜索没有全部列出了！！！！！！！！！！！
91,免费的pdf阅读器 页面简洁，注释标记很方便 免费云端存储，电脑手机平板随时同步
92,不能登录什么情况？
93,为什么在中国大陸如不使用VPN连接就打不开APP了，作为一款办公软件难道也被封杀了吗？
94,无法登陆： 不再拥有此服务的访问权限. 不知道怎么回事.
95,很好的阅读工具，再免费一些功能就完美了。
96,登录的时候一直提示"您不再拥有此服务的访问权限"
97,白嫖了这么久总该给个五星吧
98,正在试用，看来不错。（先给不确定星）
99,很不错，不过，对安卓平板的优化不够，横屏阅读时，安卓导航栏不能自动隐藏
100,比其他pdf 阅读器好多了，简单，没有广告
101,登录了，反而没权限，阅读器需要那么多花里胡哨的？又不是订阅高级功能
102,不登录不能用，客服说右上角能关闭，右上角有关闭按钮？
103,登陆无法绕开且登陆后说没有此服务权限的，可以把 app 卸载了重新安装即可。
104,Google账户登陆了之后也没有权限使用？还以为这个app收费了
105,可以电子签名在文件上，而且是黑颜色的签名，很好！
106,还是土坯的风格，功能管用，但不多，偏偏程序体积很大。
107,用这个在手机上看Datasheet非常方便
108,不登陆就不能使用么？而且登录账户也提示无法连接到服务。
109,不登陆就用不了，又登录不了，删除重新安装，可以不登陆使用
110,什么时候能解决不能保持登录的问题？
111,为什么打开大文件需要很久才能加载出来而且容易卡住无响应，我荣耀10手机
112,读取很快，就是不能登录，其余的Adobe都可以登上去，搞得不能修改内容
113,部分文档中的中文字体无法显示 而且几个版本以来都没有修复
114,强大的功能。照顾一切需求。
115,很不错，但如果可以不要付费的话更加好！
116,要是能给Android 7.0的内存卡权限再完善一下就perfect了，7.0无法写入内存卡
117,啊呆逼，真呆，（应该是中国区）账号不给登，删除账号还没法重新注册？恶心至极
118,用得好好的，怎么突然任何PDF都打不开了，一打开就崩溃
119,这个用不上软件，不好使用使用，非常的不好用，浪费了我流量，登录不了，注册不了，陪我流量。
120,好用,也许是新手机功能打開文件超快。
121,优秀的PDF查看和编辑器！
122,功能强大，感谢开发者!
123,希望能像电脑端那样针对非文本类型的PDF文档进行高亮文本并添加注释
124,希望增加同时打开多个PDF文档功能支持。
125,下载卡着不动啊，为什么装不了
126,主页>最近。怎么查看文件在哪个路径？
127,什么垃圾逻辑，最新版必须登录才能用，但是登录又被拒绝！
128,中国区无法登陆，注册关联账号直接被封。
129,用一段时间就要卸载从新装。要不打不开PDF的文件
130,垄断软件，连提取页面都要付费，可以的话希望打0分
131,軟件給了一道墻，衹要是中國用戶不給用。
132,登录账户总是拒绝访问，同样的Adobe Photoshop却能登录
133,我觉得不错很好用
134,很好我喜欢.谢谢.
135,真的需要我一直登录账户吗 登录账户一直是access denied, 不如更新前
136,无法登录 错误码 6c71e837-ada7-48ac-9bde-60280c499f11 提示：访问被拒绝 您不再拥有此服务的访问权限
137,其实只要连续多点几次google登陆（不用在乎屏幕有没有变暗）就有概率可以卡进去
138,兄弟们，地区千万不要选中国，不然会禁止你使用的
139,好是好，不过好像中国区账户都被封了，不能登录
140,其他都可以的 就是不让登录很烦(⊙o⊙)
141,非常好！很可惜不能编辑。
142,阅读文档的时候状态栏是黑的 很难看！
143,在国内使用时不能登录，会报错。
144,很不好用啊，我选择WPS。
145,垃圾软件，木马病毒专业用
146,很好用的手机软件，值得推荐好评满分。
147,这个版本打不开啊。东西是不错。😂
148,可看不可编辑，2分
149,功能齐全，放大功能在手机上不太方便
150,会出现闪退的情况，不闪退时使用很流畅
151,如果可以更简易操作会更好。
152,弹窗让登陆，每次都要手动关，很烦
153,国内有个叫福昕阅读的，用过adobe直接就把福昕删了，果然大多国产app没有国家保护就是坨那东西。
154,非常方便感觉adobe 应该推出一款扫一下内容都跑到手机里的软件。
155,无法登录，显示登录错误，怒而卸载
156,不停的崩溃
157,太可靠了
158,挺不错的，解决了pdf看书的问题。
159,挺好用的，最官方的pdf阅读器
160,登录了不能用，没有以前的版本好用
161,不让登录不让使用，那你上架干嘛啊。果断差评。
162,帐号是中国大陆的就不能用？
163,很好,希望以後會跟好.
164,在对于文档的保存和使用很方便
165,非常好的软件！经常使用！
166,支持caj吗？
167,只要没广告 就能长期使用。
168,为什么卡在启动界面了……怎么都进不去
169,真的是最好的pdf软件，太好用了
170,非常好用。专业的就是不同。
171,有些东西显示不出来。。
172,Adobe还是比那些乱七八糟的好用多了
173,腾讯，百度等渣网一直利用中国电信网路弹窗流氓广告插件干扰数据传输更新。
174,更新后无法启动
175,没广告打扰。
176,这应用优化太差了吧，总是卡
177,非常好的应用。
178,每次打开都得登录且登录了也不能用
179,很好用特别好用，一直都是在用
180,不错，希望高级功能便宜点就好！
181,妙哉，随时随地可以获取信息
182,速度快，操作很順手
183,很好用，显示效果好
184,还可以，就是文件太大了
185,很好用，界面简洁。
186,不能登陆，最近使用不了了
187,很好，只是安卓版没有转换功能
188,云服务还有改进空间！
189,居然可以直接做笔记，好评！
190,为什么登录被拒绝呢，PC端也是
191,没有想的好用，分享起来很麻烦
192,一些功能隐藏太深
193,挺不错的，简洁方便
194,可以用了
195,世界范围内正式文件的标准
196,很好用，不错。👍👍👍
197,非常好用，很方便
198,免费、可靠、冇广告！
199,访问受限 都无法登陆 根本打不开
200,pdf渲染效果最好的软件
201,支持Dropbox同步，很不错的功能
202,一直使用adobe reader,非常不错。
203,不得不说这个app实在太好用了
204,方便易用。。。
205,用了好多年了
206,方便实用，界面美观
207,好用挺好用的，没啥问题
208,一直用，非常好用
209,拒绝给我服务，不知为何
210,办公必备，不错的应用。
211,不能登入，无法使用
212,无法登陆使用，看不见有X
213,中文批注显示异常！！！
214,极差，无法登录使用
215,辣鸡，一点不人性化
216,挺好的，非常好用
217,总是登录不上，不好使
218,整体还不错对于PDF用的很少
219,挺好的，很好用
220,一个字…好
221,如果没有广告更好
222,特别好用的一款软件
223,我最喜欢用的软件
224,经常打不开
225,很好用的!
226,一回复待一天
227,直接打印几乎不支持
228,用起来很流畅，支持
229,界面友好，简洁
230,简单明了！
231,这个版本没法应用默认打开
232,手机，电脑都用这款
233,很好用，推荐
234,要放图片都不能，
235,根本用不了，登陆还拒绝访问
236,应用还不错，
237,很好用，谢谢
238,要说PDF还是Adobe最棒，没有之一
239,加载文字太慢了，垃圾
240,每次登陆云都要重输密码
241,很好用的产品
242,不登录不能用！
243,希望越来越好
244,非常好用的办公程序
245,超乎想象，非常棒
246,搜索本地文件变慢了
247,挺好用的，比WPS好多了
248,大文档打开没问题
249,好好用的软件
250,就是好用。。
251,华为mate20pro 突然就打不开了
252,什么都收费，贵
253,怎么没有办法登录
254,用的很舒服
255,十分方便快捷
256,更新之后无法使用
257,部分功能不太好
258,目前用着还没发现问题
259,登不上账号，用不了
260,挺方便实用!
261,感觉还不错
262,无法登录谷歌账户
263,很好用的pdf閱讀器
264,无法登录，vpn也不行
265,就有关于看pdf资料来说很好用
266,很好用的APP
267,更新后卡启动界面
268,用下来这个最好用
269,我觉得不错
270,拒绝访问的请把国家改成美国
271,手机办公必装软件
272,好就是好👍
273,非常好喜欢
274,希望优化中国本土化
275,界面美观简洁舒适
276,内容显示太慢
277,找已看文件方便
278,云端功能比较好用
279,不错的软件@@...
280,不让中国用户登录
281,用着还不错
282,怎么下载不了啊
283,就是一直登录不了有点烦
284,总体感觉不错
285,登陆被拒，难受😖
286,非常好用和实用
287,超乎寻常的好用
288,文件有列表很方便
289,非常好用 实在
290,显示很清晰
291,你到家就到家
292,不错 很好用
293,垃圾，一直白屏
294,猝不及防的被墙
295,登陆不了
296,OPPO 型号 还可以
297,登陆账号也用不了
298,极好的app
299,很好用哦
300,登录不了
301,兼容性太差
302,实在好用顶你
303,真的好實在
304,连另存都不能另存咯
305,画面真滴好看~
306,超好用，满分💯
307,没有wps快
308,打不开3D PDF
309,无法订阅啊啊啊
310,It can be better if it can provide backward links and an eraser option in annotation tools.
311,How to open two pdf and switch them without exit?
312,不错 方便开文件 工作上帮了我许多
313,Very good
314,Mantaap adobe
315,Convenient to use
316,nice
317,good
318,good
319,perfect
320,Nice
321,nice
322,方便，简单
323,非常好用
324,易用
325,好
326,好用
327,好用
328,I can't update to the latest version, just struck at 61% while web connect work well, i don't know why.
329,It's as convenient as on a laptop except the screen is smaller.
330,perfect app, I like it!
331,c'est une appli très pratique.
332,I love you 💕
333,Berg good app
334,Too expensive😵
335,Nice to use.
336,Very good
337,good 👍🏻
338,Good
339,Awesome
340,Good
341,good
342,Good
343,satisfy
344,good
345,Good
346,Good
347,顶👍
348,很好用。
349,好用，推荐
350,很好用
351,好软件
352,很好👍
353,好用。
354,简洁
355,快速
356,好用
357,好
358,好
359,好
360,好
361,Great APP. I Love it!
362,very good pdf reader
363,good!good!
364,necessary tool
365,Good app
366,Very good
367,Fast & flexible
368,Bien👍👍👍👍👍👍👍👍👍👍👍
369,Good
370,ggg
371,ez
372,Great
373,很好用👍
374,👍👍👍
375,非常好用。
376,非常好
377,非常好
378,还行
379,好用
380,好用
381,喜欢
382,好的好的
383,图标设计没以前好看
384,Very good use
385,Very good
386,Wonderfully presented
387,非常好用
388,Good
389,nice
390,good
391,ygh
392,Good
393,很好用
394,好用吗
395,非常好用👍👍
396,稳定
397,很好
398,好用
399,好用的
400,we can 't sign in the app because we came from China?
401,Un logiciel très simple d'utilisation, j'aime ça
402,Very good!
403,very good
404,Its useful
405,I like
406,很好用
407,Good
408,Good
409,Good
410,print_out_pdf.pdf
411,dsd u🎾⛸🛀🏻
412,闪退
413,非常好用
414,很好
415,👍赞
416,I didnt use yet will refer it later
417,Adobe print and sign your owner.
418,very good
419,muy bien
420,Good 👍
421,Buono
422,good
423,收费?
424,好用，简单
425,非常好
426,方便阅读
427,很好用
428,OK
429,Ok
430,好用
431,漂亮
432,很好
433,Ok Hi hi👍👍👍👍👍👍👌👌👌👌 👌👌👍👍👍👍👍👋👍👍oku
434,Muy bien! Simple usa esta app.
435,goid app
436,So good
437,good
438,Good
439,Cool
440,可以
441,good
442,good
443,good
444,好！
445,专业，好用。
446,方便快
447,很棒哦
448,Ok
449,一流
450,好用
451,好用
452,好用
453,不错
454,好用
455,好
456,It is a good app, but it not work on android 10system like most oppo reno ace with android 10, please fix and I will give full marks.
457,￼ ￼ GOOGLE BETAAL DIENSBEPALINGS VIR INWONERS VAN INDIË Laas opgedateer: 17 Desember 2019 1. Inleiding Toepaslike bepalings . Dankie dat u Google Pay gebruik. Vir die doeleindes van die Gekombineerde Google Pay-voorwaardes (hieronder omskryf), is " Google Pay " 'n diens wat gelewer word aan gebruikers wat in Indië woonagtig is deur Google India Digital Services Private Limited, met 'n geregistreerde kantoor by Eenheid 207, 2de Verdieping Signature Tower-II Tower A , Sektor 15 Deel II Silokh
458,需要用
459,good
460,good
461,好用快速
462,非常完美
463,还好。
464,必备
465,好
466,很好
467,Very convenient
468,很行!
469,Super
470,不错，好用
471,挺好用
472,Best and strong privacy Browser.
473,nice software, easy to use
474,very good!
475,Very nice a app
476,Good!
477,Nice app.
478,广告太多
479,还可以
480,great
481,good
482,😎
483,好实用
484,好用
485,好
486,方便
487,完美
488,不错
489,方便
490,good
491,很棒
492,很好，
493,很好
494,When reading a PDF document in reading mode, the message "This page is not rearranged" keeps appearing on the page.
495,Very goof and easy fir using. Thank you.
496,mejor programa de pdf
497,The great software to use for cellphone!!!
498,拒绝访问
499,还可以
500,太卡了
501,very good
502,不能登陆
503,无法登陆
504,Useful.
505,非常好用！
506,SB
507,okay
508,Good
509,Good
510,good
511,good
512,good
513,很好用
514,免费实用
515,# @
516,好用
517,很棒👍
518,好
519,好用
520,好用的
521,好用
522,很好
523,好
524,Ok
525,很好
526,简单方便。
527,好
528,doesn,t work
529,good!
530,第一选择
531,👍👍👍👍👍👍👍👍👍👍
532,good
533,super
534,Good
535,Good
536,Good
537,👍
538,非常好用
539,推荐使用
540,好
541,不错
542,非常差
543,Good
544,good
545,非常好用
546,ｏＫ
547,挺好
548,Ok
549,need open directory submenu.
550,非常好！
551,Very good
552,Good
553,可以不错，
554,好赞
555,好用
556,好
557,还好
558,好用
559,好用
560,very good
561,很实用！
562,good
563,good
564,很好用。
565,Unable to login, so cannot use this one
566,Very good and convenient.
567,Very good.
568,100% GOOD
569,Very good
570,very good
571,方便好用。
572,good
573,很好用
574,Good
575,bb
576,Good
577,Nice
578,good
579,非常好用
580,非常好用
581,很不错
582,好用免费
583,Ok
584,好
585,好用
586,不错哦
587,很好
588,All fine. But it seems that local documents searching is not as fast as some early version.
589,Note mark obscured text while watching on mobile phone！
590,very good
591,Good to use
592,原厂版本
593,垃圾软件
594,good
595,Good
596,Great
597,好用
598,ok
599,用的感觉还可以，就是想登录，拿什么google账号的，拿什么我的各种邮箱通过验证，却说访问被拒绝，这是什么鬼？我电子邮件通过验证，你们到给我跳出来一个访问被拒绝，这是什么操作？Adobe，这是什么操作？登录都不给登，人家1下，不需要验证就登了(金山WPS点一下就登录,我明明已经开启了对此应用的访问权限 我在管理谷歌账号上查过了人家都给你访问，你还说访问被拒绝这是什么操作？)，你这个还要在那儿麻烦的验证，顶多验证一下，我是不是机器人就行了，还需要我的生日和姓名的信息，我姓名google账号上面有，但是我的年龄这不能弄，不然这是在抓拍我的隐私，登录不了，我储存不了很多PDF，望改进
600,great tool, ez use.
601,请支持google drive
602,its good!
603,pretty good
604,很好用
605,good
606,Good
607,棒棒
608,好用
609,非常好用
610,很方便
611,很好用
612,很好用
613,一级棒
614,ok
615,好
616,好用
617,just say thank you .
618,A system error was encountered.
619,Good n fast
620,为啥我登录不了？ why i can't log in？
621,necessary app
622,Very good
623,强制登录
624,鸡滄
625,Good APP
626,棒棒棒
627,good
628,还不错
629,很棒
630,不错
631,好
632,my google account cant log in, my Facebook account has no right to enjoy this service, why i was been blocked by your adobe company ,or other bug ? 我的谷歌账户无法访问 facebook 不再有此权限
633,I think it is good.
634,please support onedrive😘
635,办公利器
636,Good!
637,very good
638,好用，免费
639,很不错
640,good
641,好用
642,好
643,不错
644,好用
645,你们的登陆系统是有问题吗，请仔细检查一下。
646,Why cannot I change
647,very good to use
648,好东西！
649,super
650,好用
651,一直在启动页面加载，无法进入。需要关闭网络才能使用。 The startup page has been loaded and cannot be accessed. Need to shut down the network to use
652,The app is so big for my Android pad after I open some PDFs which are 2~3GB.I hope you can add a button to turn off the local copy。
653,It's the most powerful application for pdf reading, however, it's log-in system is inconvenient for Chinese users and I wish there'll be an improvement.
654,my favorite app for reading document
655,Absoulutely good,except for failling to log in at China mainland.
656,The best pdf reader ever !
657,best pdf reading app ever
658,hao yong
659,Nice Very good
660,very good
661,good use
662,good app
663,good
664,good
665,good
666,good
667,good
668,bien
669,good
670,好好
671,厉害
672,不错
673,必备
674,ok
675,很好的
676,When the similar mobile version of ADOBE ACROBAT DC WILL BE RELEASED?
677,挺好的，好像没有搜索功能
678,very good
679,Nice
680,很好用
681,Good
682,👍👍👍
683,相当不错
684,实用
685,不错！👍
686,非常好用
687,希望手机版本也支持onedrive
688,希望支持逻辑页码
689,不错，方便
690,Good
691,Good
692,good
693,good
694,很好。
695,实用
696,好
697,好用
698,good
699,好用
700,very design and it is free
701,It is quite nice .
702,无法使用
703,不错，支持
704,GOOD
705,好
706,好用
707,I registed an account but when I log in you tell me I don't have authority. Oh, come on, now I need to pay to read PDF files?
708,还不错！
709,很好用。
710,ok
711,Why I have to log in again every time when I open the app.
712,很好用
713,臃肿
714,订阅价格太高，打扰了，告辞。 xodo挺好的。
715,安卓客户端左上角的菜单按钮布局位置不对
716,最上面一横排的工具栏会遮挡住PDF文件最上面的部分，希望改进
717,阅读起来不是很方便，如果啊 有翻页模式更好。
718,中国大陆地区的creative账号不能登录，另外手迹没有橡皮擦。
719,doesn't save account info, so I have to log in every time I use the app
720,用了很久了，文件打开后会自动保存，很好
721,Why can't I stay signed in all the time?
722,轻击页面可隐藏工具栏
723,无法登录帐号。
724,awesome app. would be better should the interface become cooler
725,还是这个用起来舒服
726,一直使用这款软件来查看pdf，页面简洁，使用体验良好
727,very good for pdf
728,访问被拒绝
729,very nice
730,很好用
731,Very good
732,Sehr gut
733,very good
734,good
735,Bom
736,Good
737,good
738,速度快
739,很好用
740,非常好用
741,真的很不错😮
742,nice
743,Good
744,Non
745,好用。
746,👍👍👍超实用
747,阅读方便。
748,挺好用
749,一般般
750,非常流畅
751,厉害了厉害了
752,好用
753,好用
754,好用
755,很好的
756,很好
757,如果在搜索时能像ios的版本一样，按next就直接看下一个搜索项而不是直接出完所有页面罢了。
758,扫描功能从前可以单独用现在必须单独安装scan 差评
759,很好用 Google play是最新版 国内应用商店不是最新版
760,我暂时只知道这个，而他又很好用
761,如无必要决不会用
762,Best office supply
763,It's good.
764,使用方便
765,很好。
766,非常好用!可以导入pdf文档，并且保留了电脑版的关键字查询和目录的功能，实在很实用
767,pdf最好的查看和编辑软件，没有之一
768,最喜欢的PDF阅读器
769,这个应用是为别的应用提供购买入口的
770,强烈希望能够在android 8及以上版本保持账户的登陆状态
771,So... slow on my phone
772,Good applications very handy
773,非常好用又简单
774,很好用！
775,好用！
776,Nice.
777,Good
778,界面很舒服
779,很好的一款软件
780,expensive
781,nice
782,good
783,impressive
784,现在全世界都知道什么事，上班又给又朋友偷记忆、手机卡。如果你没有资料的人别人没可能偷，银行开户口也是这样开不到户口不用 拿我资料，我问几久可以好。他说看你们有没有洗黑钱和如果你是马来西亚公民你去领取你资料，还要我登录吗？再登录再给人取资料吗？还拿不够吗？不是说我要玩命，十多年来的资款，从小到大过那些穷民的生活没有一天好日子过，这么辛苦的生活找钱养家还给人誤会搞分离，好不容易找到我资料还是上天保祐，还以为有得好日子过。还惨过以前，你说还有什么用，做人不是好辛苦吗？
785,请增加自动裁白边功能，自动翻页功能，点击翻页功能，扫描版文件文本重排功能，网格视图，书架功能。以减轻手动翻页操作量。
786,逗比的软件自然好，但是总  访问被拒绝   怎么说
787,This app is great, but one thing: i can't log in with my Google account after I changed"US"for  "China", i don't understand......
788,额，对这类软件并不了解，觉得用起来还不错，给满星。不客气。
789,希望可以直接修改tf卡里文件，而不是在内置卡里创建副本
790,无法按实际页码跳转
791,长按选择的时候希望增加单字或单词选择
792,不错用，如果可以拍东西就好。方便多了。
793,用于英语学习，和电脑上差不多
794,UI设计还可以
795,stable，quick
796,很好用
797,可以手绘
798,PDF神器
799,good one
800,Very nice
801,超棒的阅读工具!!
802,好用，流畅
803,好用 功能强大
804,不错的PDF
805,nice
806,good
807,Good
808,Good
809,好用，方便
810,很方便
811,非常满意
812,好用！！！！！！！！
813,好用
814,超棒
815,很好
816,方便
817,不错
818,很好用，不少PDF阅读器退出再回来不能接着上次的进度，这款是例外
819,同类中最喜欢这一款
820,最好用的PDF阅读软件！
821,性能秒杀一切同类软件
822,多平台协作非常有用
823,为什么账号登录不了
824,没有夜晚模式，瞎的刺眼，不能整理排序，
825,界面还行
826,Sehr gut !
827,ئومدان نەسە بۇ
828,方便，没有广告
829,great
830,Nice
831,good
832,Goid
833,不错，
834,还行
835,很好
836,超好用
837,好用
838,不错
839,最新版解决了快速滑动卡顿的bug，给力！要是再加上反向翻页的功能就好了，方便看日系漫画 ^ _ ^
840,唯一的缺点就是不能使用Google账号登录，望改进！
841,到底是良心软件，比某WPS好用多了。
842,：O 国家填中国就登录不上去了
843,Night mode is gorgeous for reading documents in dark environment.
844,横屏阅读模式真的很赞！要是也能支持doc、ppt格式就好了
845,每次收到打不开!!
846,非常捧的软件！！！
847,最好的PDF阅读器
848,非常实用！
849,Tremendously
850,Good
851,很简洁，PDF功能应有尽有。
852,poo
853,非常好用
854,不错
855,好好的
856,好用
857,很棒
858,祝早日倒闭
859,简单好用！
860,挺不错的！
861,好用
862,五星好评，这个东西查找速度完爆其他兼容PDF的客户端，原厂的产品优化真是爆表，500多页的文档3秒钟搜索完毕
863,非常好用的app，速度快。但是唯一的不足是没有文件分享（到QQ、微信）功能
864,不知道为什么，我有一个pdf文件加载速度巨慢，别的pdf阅览器都挺快的
865,免费，功能强大，比很多收费的app更好用！棒！
866,很方便但就是不能直接按分享给人比如whatsapp, Line 与其他
867,界面看上去很顺眼，清爽干净也没有烦人的广告，非常好！
868,不能直接通过软件把文档通过qq 发送
869,长按选中一个词后，弹出菜单能否横向显示？
870,很快很好不收费
871,好用!还保护隐私。
872,Good
873,Good
874,非常好用。
875,还行。
876,喜欢
877,长按无法选择文本 翻译很麻烦
878,不能适应手机
879,Good
880,很不错
881,阅读pdf文件，设置连续显示，上下滑动，页面滑动会卡顿
882,为什么新版本在滑动时会卡顿呢？
883,为什么这次的更新的描述是斯洛伐克语？
884,还是这个好用！
885,简洁方便应用。
886,快速滑动会卡顿1秒钟！！！！！！
887,存在乱码
888,一直在用的PDF阅读器，非常流畅，简洁
889,大家快来试试吧！
890,Very good
891,很不错的阅读器，老牌专业。
892,好！！
893,好用
894,好用
895,退出app后自动退出账户，重新打开要重新登录！望解决
896,界面简洁好看，希望切换文档更便捷。
897,Helpful! Easy to use!
898,good useful and easy
899,非常的方便快捷
900,Good
901,👍👍
902,好用
903,可以對PDF進行重排是最棒的！再也不怕字太小看不清了！能縮放，重新排版！pretty good！但是無法對掃描版切邊，margins！很遺憾！
904,比较人性化了 现在的阅读器比以前好用多了吧，至少比以前加载要快一点了。
905,繁体字文件由于字体不全，无法显示
906,还可以吧
907,好用 没广告，速度快，图片质量好，功能多
908,好用 可以看到很多需要用到的文件。👍
909,超好用 结合微软office，办公利器
910,Very good
911,Too expensive
912,简单方便，好用！
913,Hao
914,vg
915,好用
916,可以与Google drive一起使用 Google drive 的pdf 查看器并不能编辑（连基本的highlight 也不能做到）adobe 可以直接连上drive 不用下载文档也可以直接用 很方便
917,用着挺棒，打开文件速度也快
918,简单好用！ 刚开始用，觉得不错！继续用…
919,User friendly with great features!
920,Good! Very good!
921,不能登录！ 提示访问被拒绝。
922,刚刚才用 不知好用没有
923,快 不需要大储存量。马上开马上有。不需要等。
924,还可以
925,还是这个能用
926,不错 好用
927,好 好用
928,对屏幕操作不敏感，好几个地方点了N次都没反应。只有这个app出问题，与设备无关 一星都不想给系列
929,好强大，我必备神器。
930,Better than before easy to use and convenient to take notes
931,打开软件的时候有点慢 同上，一直停留在开始界面
932,应用自行退出 我在windows上用了专业版效果很好，在Android上用也行好，但也用了5.1.1后一打开应用没看几页就会出退出
933,希望加入字典查词/翻译功能 例如：英文翻译为中文，英汉词典
934,好好好好好好好好好好好好好好好好好好好好好好好好好好好好好好好好好好好好
935,Ok👍
936,要用就用正品行貨版 PDF 查看器！👍 同樣的文件，用 Google 家的顯示不出來任何內容。改用 Adobe Acrobat Reader 就完全正常，可見兼容性問題十分突出啊！🏀
937,ios icon？ well , maybe material icon looks better.
938,老牌软件，好用！
939,I like this software
940,good great software
941,好 兼容性完美，标注都能显示出来
942,Between Carrie
943,good
944,?????? ¡¡¡¡¡¡¡¡
945,Best statement readers
946,部分中文无法显示
947,很好用
948,很好很强大
949,很好用
950,Can't display Chinese and bookmark Chinese in old PDF (non-unicode?) is unreadable. No bookmark pane.
951,对内嵌字体有问题的文档支持很差，不显示字，这点远不如Xodo。
952,某些PDF不能看 ana的电子机票不能看，强行让我换其他软件。有望支持。
953,中文乱码 请尽快修复！
954,Ok Use all the time
955,这个如何运用？
956,Good
957,很好！
958,喜欢
959,有待改进 1. 夜间模式下 Drawer 不能变暗色主题 2. 如果文章换行结尾有一个空格，那么文本重排模式就会识别为两行，完全不能正常工作
960,功能强大 安卓5.0不能编辑sd卡上的内容要放到手机内存，希望能增加这个功能。还希望能增加隐藏虚拟按键的功能。
961,重拍是最好的，但没法取词 PDF重拍看起来好棒，但是看英文文档没法取词也很蛋疼啊
962,还行 查看PDF挺流畅，不过和电脑版一样创建PDF要付费
963,最好用的PDF阅读器 用了其它几个PDF阅读器，发现还是原版最好。
964,很好 求你了，换回以前的图标吧
965,很多PDF都不可以打开
966,支持中文太差，几乎都无法查看。
967,good  thankyou Provide such a good product
968,还可以提高 扫描版的渲染太慢
969,为什么无法登陆了？ 为什么无法登陆了？？
970,Too red.
971,应用内购买什么？
972,垃圾要
973,图标改成材质设计吧
974,为什么不支持锁定横屏呢。
975,pdf
976,Goob
977,速度很快
978,Icon Could you change the icon into material style? Or at least not the iOS style…
979,Could you change the launcher icon to MB style?
980,smssend Dr. web报毒。
981,赞 好
982,看pdf文件时很多字都显示不出来而用黑点代替了，用多看就没问题 many problems!我想在某一页标注一些东西，然而在那前一页没问题后一页也没问题，偏偏那一页怎么都写不上画不上，写完后在页面其它地方随便点一下，我标注的东西就消失了
983,bug 由word转换的中文文档，无法显示中文。一般文档的中文注释也显示不全，汉字被点代替
984,😠打开大文件会死机啊！ 才不过300MB的文件！
985,Very good
986,体积大，功能少。
987,最好的pdf阅读器
988,省略号都用小长方形代替了，希，其他都不错望官方改进一下
989,甚好！
990,不错不错~
991,好用
992,在使用导出PDF时，提示高级功能，该功能需要付费订阅。可是怎么订阅？因为付费没有入口！
993,不能查看设备储存的东西
994,图标该换啦
995,深色图标好看 为何又改回来
996,好样
997,买了acrobat dc这样按月付费200多才能在手机端编辑 好贵…还以为买了acrobat dc后…能在移动端自由编辑…结果还要单独收费！
998,好用！ 可以读取章节目录，自己存储书签，文本排列灵活，唯一的不足是文本重排模式下不能选取文字，看大部头很累。
999,对于没有内嵌字体的PDF体验很糟糕 希望优化！
1000,最棒的一次更新 终于默认支持硬件加速了,还有新的holo风格界面赞一个,不错!
1001,太贵了 一个月两百多 按月收，太贵了，如果是永久的就好了
1002,更新后感觉不方便了  连清理阅读记录都不行了  只能删除文件
1003,因为使用率高
1004,软件闪退 软件打不开
1005,很好，可更好 希望可以做到多新的功能，比方說pdf翻轉，或多個pdf合併。
1006,竟然 竟然不会隐藏那三个奇丑的虚拟按钮。
1007,图标什么鬼？What's wrong with the icon?
1008,本地PDF功能又回来了
1009,Love it! Love Adobe reader!
1010,编辑功能没有了
1011,比较好
1012,:) ;)
1013,界面变得更简洁了 免费版看个PDF，简单注释体验都是很棒的，不过像创建和编辑PDF这些收费功能确实价格不菲!
1014,闪退 最近突然出现点开就闪退的情况了，手足无措啊！
1015,更新后更差了，无法搜索到本地文件了。👎
1016,都5.1了居然还不支持沉浸模式 居然还不支持沉浸模式。
1017,屎一样难用
1018,丑啊丑 Material Design Please
1019,新版本不错 material design
1020,官方的PDF能否和苹果的PDF一样快？ 打开图片类的PDF慢得要死！
1021,没有比官方更好用的pdf阅读器
1022,i just need a lightly pdf reader,
1023,功能强大，实用
1024,还是可以 终于不FC了
1025,查看PDF最佳软件
1026,好用，喜欢😁😁😁
1027,很棒
1028,儲存註記的問題，希望可以趕快改善>< 平板上使用時，雖然可以在檔案上加上筆跡、註記 但是儲存時卻是存在暫存檔中，無法直接複寫，很不理想。希望可以多儲存檔案和另存新檔的選項，這樣就會很方便。 而且每開一個就會有一個暫存檔，再檔名後面加-1、-2、-3....開十次竟然就有十個檔案 Adobe一向都是開啟PDF檔案的好用軟體，希望可以盡速改善!謝謝><
1029,标注文字前须另存，大的文档另存很浪费时间，此功能不如以前可直接标注时便利。望改进。
1030,查看GNU相关文档 查看GNU相关文档时兼容性不好，选择单词变成选择一行...,人家foxit这方面比你好，希望改进一下
1031,之前可開啟檔案文件，為何現在都無法進入
1032,打开部分PDF会显示 遇到系统错误
1033,很多都網頁都不支援了 內建，更新也是浪費資源
1034,系統錯誤。以前是好的，現在越更新越糟?
1035,無法開起 請問為何要輸入密碼？我不知密碼啦😭😭
1036,print function when I use print function to save the pdf, the saved pdf is 0kb
1037,不能任意編輯檔案、更改檔名、刪除檔案，及調整介面的字體顯示大小
1038,怎么横屏
1039,文字會消失
1040,小你 無用
1041,無法使用
1042,希望可以支援滑鼠滾輪捲動頁面 希望可以支援滑鼠滾輪捲動頁面
1043,很不錯 可以在上面註記pdf檔案。
1044,無法將文章重新命名
1045,第一用正了解中 謝謝
1046,好用 非常喜歡好用方便
1047,见外婆
1048,開不了
1049,Very good
1050,I love
1051,very well
1052,Very Good
1053,good
1054,good
1055,Good
1056,無自動旋轉畫面？ 又無得設定？
1057,好用，方便
1058,用慣
1059,很有用。
1060,超棒！ 當前版本無法直接反白、標記中文字，必須在英數字元上長按觸發選單，再把游標調整到需要反白的區域，非常不方便，請修正這個BUG。另外希望可以自訂字型，而且字體大小上限有點小；如果能自定義文件起始位置更好，別每次都從全部 PDF（會很亂）或你們預設的資料夾（誰檔案會放在那裡啊）！
1061,十分耗电 不仅在使用的时候费电。即使退出不强制关闭也会很费电。
1062,何时增加去白边功能？ 缩放查看时，翻页很不方便。
1063,很不错 就是升级5、0后不能看书了。乱码。更新不及时
1064,太慢 顯示頁面太慢，硬體夠好了
1065,註解有問題 註解的字會被吃掉趕快改進好嗎！！！！
1066,Hoping it could support mouse wheel. Hoping it could support mouse wheel.
1067,乜解究~  咁慢既
1068,很不錯用喔！
1069,Good！
1070,換成Android5.0後 我自行編輯的「文字」、「手寫」都顯示不出來，下面會顯示「發生系統錯誤」
1071,不喜歡 不能開啟
1072,ok good ！
1073,So slow
1074,Very helpful，如果可用whats app share就好了。
1075,看經典超棒 大般若經大家讀
1076,Very good and useful
1077,方便好用 真心喜歡這個app，看資料、背詩……都很方便！
1078,表現穩定。
1079,沒什麼  就是好用
1080,Year J
1081,喜歡 看paper極度方便
1082,Adobe reader
1083,很好啊 很好吗免费就是好
1084,note 2 还好。。。。
1085,免費就算 Ok啦  ! ! !
1086,好用ok
1087,灵活多变
1088,Good
1089,Nice
1090,讚 好用！
1091,Good
1092,good
1093,Good
1094,好用哦！
1095,好 讚
1096,很好
1097,Ok
1098,还好
1099,飛舞的 翼蝶蝶~~@○@// v~o~v
1100,好
1101,讚
1102,oK
1103,好用 好用
1104,阿娘喂~~真的是业界顶尖，网上一堆reader软体无法读pdf 资料，只有ADOBE 一download完，立即backup  读出pdf资料，赞啦，我决定永远保存在手机:-D ∩__∩y ＼( ^▽^ )／ (*^__^*)
1105,為何不肯向上相容,支援android4.1 或以上 我的note 1只能夠用apk,很麻煩,幸好我另一部手機升不到4.1,還可以用
1106,電子帳單無法開啟 已經1個多月無法開啟，一直顯示檔案錯誤
1107,希望有缩放锁定功能 清晰。 希望有缩放锁定功能，不然会上下拉时会跑来跑去
1108,Great~~~ Is there any chance to see an "eraser" function in the paint mode?  ---Update--- Well, I just found it, the edit options simply triggered by a long press on the desired area.
1109,檔案打不開 帳單檔案一直無法下載閱讀
1110,檔案打不開 PDF檔案頁面總是無法開啟
1111,無法搜尋 新版一開搜尋就當掉。
1112,什麼時候有新版？ 至少一個多月以上開檔案都打不開了！請修正
1113,希望可以加入切邊和橫屏鎖定功能 希望可以加入切邊和橫屏鎖定功能
1114,裝了l擋案仍然打不開
1115,功能多 分享到line的功能是bug嗎?都分享不過去
1116,Good 除左好，我都唔知講咩好
1117,符合需求 該有的都用上，真的是我要的『可攜式文件』;)
1118,要改善 很多時候用不到
1119,差评， 滚出中国
1120,無法顯示銀行結單資料
1121,PDF 打不開 一直打不開 WWW 下載的PDF檔(銀行電子帳單),很不方便 請修正！謝謝！
1122,功能多，流程 不错，感觉很好用
1123,無法運作之一:Android4.2.2
1124,幹嘛要用，廢 廢物
1125,Very good! 下載快，非常好用。
1126,檔案打不開 mail裡的資料打不開，請盡速改善
1127,越改越好且越人性化。讚。 加油。
1128,无法打开文件
1129,Adobe reader Support globalisation
1130,常常搜尋不到文字
1131,I like this~ 100分
1132,乜被我方便，一定滿意， 睇睇有冇長期令人滿足 。
1133,Adobe Great app
1134,如果加入语音朗读就完美了！
1135,好，無得輸 完全開吾到
1136,為什麼檔案打不開？
1137,新增的注釋不見了 有些注釋，新增後不見了，需要改善！
1138,我们一起来做任务好吗朋友们
1139,打不開檔案
1140,還是打不開
1141,專案 審核
1142,Good app
1143,不能用
1144,Google Good
1145,不能更新
1146,照才 才
1147,尚未使用。
1148,這樣就對啦
1149,Adobe 讚而棒
1150,a must a must :-)
1151,好 一定要用
1152,渲染速度慢
1153,好用 很方便
1154,方便 很便利
1155,还行
1156,好 实用
1157,不錯 還不錯啊。
1158,BJ4
1159,Good
1160,不
1161,good
1162,Good
1163,Excellent
1164,hao
1165,Great
1166,...good
1167,2014/9/13
1168,好 不錯
1169,還不錯
1170,方便閱讀
1171,不錯用
1172,方便好用
1173,嗯嗯嗯
1174,用過
1175,爛 爛
1176,爛 爛
1177,不错
1178,好用
1179,好用
1180,超好用
1181,不错
1182,好
1183,Ok
1184,好用
1185,好用 好用
1186,不错 不错
1187,讚 讚
1188,超有用，的喜欢免费提供，原来网络世界那么多人迷惘，？ 科技的创新，各种各样千奇百怪物品，证明创意十足，请与我们新加坡！一起飞得更高，我只玩了十几天,才深深体会现代小孩，无机在手那儿都不去，网络游戏，资讯，新闻，等等，超级无敌新科技巧妙围绕你的心！
1189,转换功能要收费 没转换功能，还不如用金山。。。浪费流量
1190,功能太简陋 不敢相信这是大厂的软件，还没民间小作坊做的好用
1191,更新後有問題 更新後簽名欄的儲存鍵不見了，無法變更簽名
1192,感觉挺好的，用了7年咯，方便，能显示文件格式多
1193,！ 新功能介紹區…在台灣用簡體字就是個錯
1194,Android 系統螢幕逾時 經常關閉螢幕真麻煩，希望 Reader 能加入停止系統螢幕逾時的選擇就更方便。
1195,無法開啟加密檔 我的版本是 4.4.2
1196,免費實用 手機中，不用任何監管，可靠放心使用。
1197,我的手機版本已經到4.4.2了...所以現在這個版本我不能用...不相容
1198,can move the app to SD card =D 反應最快，最流暢的PDF閱讀器 ^^
1199,Great app Can be better.
1200,还可以！全屏浏览！
1201,装装看嗯…
1202,等 速度快一點
1203,Good!
1204,挺好用 挺不错的一款查看pdf的应用
1205,Very useful Good
1206,Thank you for the answer
1207,这是文件读档器吗？
1208,為什麼不能解除安裝?
1209,馬上就找到隱密病毒不賴
1210,Good Ya
1211,Good good
1212,Good to use
1213,Easy fast
1214,very good
1215,水ㄚ
1216,Unfortunately ?
1217,求改进！！！ 加上转屏功能吧！！！
1218,good
1219,good good
1220,讚～免錢又好用！
1221,Good 贊啦
1222,很棒 快來下載
1223,很好 很喜欢
1224,非常好用APP
1225,挺不错的 rt
1226,Good
1227,Good
1228,Good
1229,Good
1230,Good
1231,Wwww Wwww
1232,好用！
1233,O(∩_∩)O
1234,流畅，好用
1235,！！！ 还好
1236,非常好用。
1237,方便安全
1238,fy8896 實用
1239,非常好
1240,好用 good
1241,非常好
1242,不錯 Good
1243,讚
1244,O(∩_∩)O O(∩_∩)O
1245,讚
1246,好用
1247,超好用
1248,不错
1249,OK
1250,OK
1251,不錯
1252,讚讚讚
1253,更新以後不能用 以前可以開的檔案更新後閃一下就沒反應了，整個程式只能用來&lt;瀏覽&gt;有什麼檔案Orz
1254,功能真方便 註記、手繪及簽署的功能真是太棒了，可以取代筆記軟體(例如E*e*n*t*)了嘛。
1255,閱讀編輯PDF的最佳選擇之一
1256,更多免費" 繼續加油!
1257,如果能选打印出来就更好了。 还好。
1258,讚 更新就對了
1259,Gud. Nice one
1260,Reader It is good
1261,鴉ㄝㄡ
1262,好 又好了
1263,商務用實用性高 如題
1264,like it
1265,戳破你
1266,好用 必用軟體
1267,跑很慢
1268,Good
1269,打开速度很快
1270,Good
1271,Good
1272,good
1273,號
1274,Good
1275,Good
1276,Good
1277,很方便
1278,非常好用
1279,Adobe 讚
1280,閱讀者不二之選也。
1281,横屏时能隐藏虚拟按键就好了
1282,沒有share to whatsapp 有share to wechat 竟然冇share to whatsapp!!!!?
1283,去掉标题栏 支持沉浸模式就好了。
1284,GOOD
1285,還ok
1286,讚 好用
1287,超好用
1288,讚讚讚。。。
1289,呵呵 平板突然开始每五分钟重启一次，我以为是什么大问题，没想到就是把这玩意卸了就解决了。不用买新的真是太开心了，谢谢开发者。
1290,Smooth advance need improve It is a very good app but the smooth of scrolling down any page need to be improve even my phone is nexus 5 it still lag  when scrolling the page and other app make it well but the ui design is better than other app
1291,很不錯，離線、在線都可以顯示檔愛 缺點是文字顯示都是亂碼，判讀倒不成問題就是了！    ^^
1292,好用..且下載過ㄉ返回瀏覽ㄉ都還在..也能選刪不刪除
1293,很好用 知网下载的PDF看起来很好，扫描版的20多M打开也毫无压力
1294,不错 阿逗逼出品
1295,更新後無法開啟pdf xperia z
1296,修复了让我一直很纠结的BUG
1297,Why Why did you cancel text reflow on gingerbread? I chose you just for this feature!
1298,做个侧滑能死人吗？
1299,云打印不能用 Google云打印依旧不能用，页面不能打开
1300,怕他 .cn╮(╯▽╰)╭大家-……* .～;q,， 。0812～，blog.bqblog.pl‘！！“.﹉blog.”
1301,很好用啊，赞！！ 功能很齐全，界面简洁好看，不错的！
1302,Adobe Reader n PDF Pack have not invested enough in the smartphone media. It will be much better if Adobe Professional could be of free contribution. AI File substituted by Tiff File, Tiff, etc by Jpeg for years, then Jpeg by PDF for a decade, during development was great enough toto cover both Graphics need, as good as AI n Architectural  significant parts of Autocad; we can now even scale the dwgs. As Professor mentioned in Evernote before, Adobe should chase after the cross-platforms n cross-applications capabilities n powerfulness of such. TKKwan关教受
1303,求助 注記怎麼不能自動存
1304,So useful!
1305,Must install APP
1306,一直使用着
1307,就是不能用 不能用啊
1308,好烂的下载
1309,讚啦！更新後pdf可以開了耶。
1310,很不错的应用，和电脑上一样强大
1311,很好用的软件 pc上也用的
1312,HUAWEI使用者 無法完整版
1313,世界级应用软件 不会差
1314,Be year
1315,useful and handy
1316,Nice tool
1317,好用喔！ 98分
1318,好 真好用来吧下载吧。
1319,哎 好难下载更新
1320,功能全面！
1321,多种功能、管理能手。
1322,okla
1323,+100
1324,Good
1325,chuchunyuen
1326,good
1327,good
1328,Good
1329,Good Good
1330,實用 加油
1331,很好用
1332,很流畅
1333,受惠良多
1334,很好用 很好用
1335,稳定
1336,讚 讚
1337,唔錯“
1338,好用
1339,很棒
1340,讚
1341,好
1342,ok ok
1343,好 好
1344,好评 好评
1345,部分功能不能在中国区使用 Adobe是搞地区歧视吗，为什么有的功能无法在中国使用？明明是付费的功能，选择购买都不可以。
1346,很有诚意的作品 大家注意了，如果直接更新，打开手写功能时会死机，解决办法是卸载后重装。  最新版终于可以添加书签了。而且手写批注的线条有更细的选择了。希望能增加单页裁边阅读功能:缩放页面能锁定，翻页后页面不会变回原来比例。还修改了窗口缩放键的位置，解决了和书签显示按钮重叠的问题。
1347,Good, but could be better 真的很好用，但希望可以新增一些像 ipad Goodreader 一樣的功能：  1. 自建書籤可自己調順序 2. 閱讀時，可以點頁面邊緣跳頁，這在放大觀看時很有用，不用用滑的，眼睛比較舒服
1348,自己彈出 更新完之後，一用free drawing就hand 機。唔該快啲整好佢！
1349,A big bug!!!!! Free drawing will lead to forced close of the app  (Android 4.3, galaxy note 10.1 2014) Please fix it !
1350,很好用，但標籤有bug 軟體刪除重新安裝後，這兩天用新功能自設的標籤頁都不見了，但一般標注劃線的資料都還在。
1351,很好，但是有些需要改进的地方 高效的查看PDF电子书。附加功能多一些，可以方便阅读
1352,更新後free drawing 彈app 如題
1353,最近更新后，自动旋转屏幕不能锁定了。 。。。。无语。
1354,there is a error opening during i open a pdf file
1355,Good Very nice.
1356,very good.
1357,好咯 你挺好的！我喜欢
1358,大Lu
1359,界面终于holo化了，赞
1360,很棒！ 幫助很大的軟體！
1361,按装不到==
1362,PDF都能打開
1363,真的很方便
1364,正要試用
1365,Good
1366,Good
1367,讚！
1368,非常好用
1369,很好 很棒
1370,讚
1371,很好
1372,官方版本 设计上需要改进，没有适配Android design。渲染性能很强。其他的工具要慢一点。性能上就是适合看pdf的，搜索功能可以设置从头开始的话就更好了
1373,無法備註 原本可以在儲存在記憶卡上文件上進行備註，但是現在卻得移到手機內置才能備註，這很讓人困擾
1374,必备软件 要不然pdf格式的文件怎么阅读呀？虽说应该支持国产，但是在这个领域还是美国佬的东西好用点。
1375,編輯的部分沒辦法儲存 畫了註解後，重開藉就全都消失了 請問該怎麼辦？
1376,Something to upgrade I hope I could see the notify bar when reading my PDFs. And, if we can make a change to several items just in one touch.
1377,十分好用！不过在我的其中一个设备上无法安装，望改进。
1378,提問 請問為什麼我的手機下載pdf檔都會“下載失敗”呢?…謝謝!
1379,QQ 安卓更新到4.4.2後就不能用了 影片也看不到
1380,Slow rendering UI rendering is slow. Pdf rendering is slower than many other product like officesuit, qsmartreader, pdfmax. Could you adobe team use faster rendering engine?
1381,不能记忆上次浏览位置，也无法加书签，不过浏览效果不错
1382,方便 該有都有 速度也不會太慢 很棒
1383,night reading mode this new function is very good, but it would be much better to be able to adjust the word brightness (it is too white in this mode creating too much contrast to the black back ground and making eyes even more uncomfortabe than the normal reading mode) and also keep picture color non inversed. I would say the adjustable word brightness is the first priority. thanks for your eork!
1384,不好用 不能下載檔案了。
1385,很好用 我發現下載東西之後不用網路也能看，真的好好!!!(推薦大家)反應又快^－^
1386,还不错，就是没书签 如果添加书签功能就完美了
1387,清晰度比其它阅读器要好些
1388,一般 可以用 但是不好用
1389,很好 图片加载很快，要是能有翻页键，平板上能支持鼠标滚轮就完美了
1390,不能看影片 有沒用不能看呀！一直說要下載  有載也是無法看
1391,希望新增3D翻頁效果及highlight顏色
1392,用着还行，功能略少。
1393,流畅，清晰 一点不卡，非常流畅清晰
1394,英文 英文差。看不懂
1395,很方便 画面渲染很快
1396,沒想像中實用 它無法開啟pptx檔, 很可惜~
1397,That's a great app of adobe!!! it solved all the problems of my documents.Thanks a lot !
1398,so bad bbbbbbbb bbbbbbbb bbbbbbbb bbbbbbbbad
1399,Convenient to use Very comfortable app
1400,THAT IS FINE WITH ME
1401,It is the best Very smooth and capable
1402,法轮大法好  真善忍好
1403,good not so good. could.do better
1404,Very good to use! Ve
1405,還不錯用 讚！
1406,翻頁的流暢度待加強 某app的流暢度比較高，官方的希望加強
1407,值得推！
1408,變快了 整體有變順暢了
1409,安裝了也用不到 安裝了也不能看到相。：（
1410,不稳定 经常出问题
1411,很好 占用很小，很流畅。
1412,潘启乐！ 潘启乐！
1413,Good apps Good document reading apps
1414,有点简单，但有个文本重排其他没有。
1415,速度不错，兼容性好
1416,要是有自动旋转就好了 手机横着看好
1417,一直用这个，不错
1418,很順  不錯用
1419,Tools Very good
1420,Nice Very nice
1421,必须拥有哈
1422,还行 可能手机太烂，卡
1423,哈哈 还是adobe的好 很不错 流畅
1424,Wow Wow!!!!!
1425,不错 好用！
1426,Very good.
1427,good job.
1428,不可或缺的软件！
1429,还不错 求增加打印功能
1430,还可以 Note3上挺好用的
1431,如何刪除舊檔案？
1432,方便简约 现代化的app
1433,文件讀起來品質真好
1434,好用 很好用
1435,讚~ 非常讚
1436,必须推
1437,good goodbye
1438,好物
1439,All fine
1440,11111 Qqqqq
1441,简单好用 大小精简，使用方便
1442,好 好用……
1443,评价 十分不错
1444,很好用？. 很好用
1445,根本没法安装
1446,Bad
1447,Good
1448,good
1449,Good
1450,水水
1451,Nice Nice
1452,hao hao
1453,pdf 最专业的
1454,讚啦 Okay
1455,good good
1456,很好用
1457,简洁实用
1458,謝謝 謝
1459,必备 PDF
1460,不错 很好
1461,Poor
1462,good
1463,好用 强大 好用 强大
1464,Ivanwonghoisang 很好。
1465,嗯 还不错
1466,Good
1467,好用简洁 好用简洁
1468,我喜歡？ 對 沒錯
1469,good good
1470,Good Good
1471,Good Good
1472,好用的.
1473,好好 好好。
1474,(y)
1475,好 ok
1476,一般 OK
1477,好 很好
1478,很好 使用方便
1479,實用
1480,很好 很好
1481,😊👍 好有用
1482,好用
1483,好
1484,不错
1485,古的
1486,Ok
1487,Ok
1488,不賴
1489,讚 讚
1490,OK 好用。。。
1491,很好😊
1492,:-))
1493,不錯
1494,很棒
1495,Ok
1496,很棒
1497,非常好 👍👍👍
1498,Ok Ok
1499,讚。
1500,大气 和同一天推新的百度地图相比，后者标榜着“为人民服务”造谣上市，恨不得把手机app全占齐了，实为天壤之别！大品牌的大手笔，使用真是非常的赏心悦目！
1501,不错的补充 最喜欢用mantano和repligo，不过搜pdf居然找不到，吐槽一下。官方版的文件支持好，速度快，虽然功能上有差距，作为补充还是很好的:-D。
1502,仍然不能購買 香港地區不支援 Export PDF 及 PDF Pack，希望快點有此服務。
1503,pretty useful 用来标注太方便了，而且大文件不卡顿
1504,忠实用户 从PC到android，当年用来打开pdf的第一个软件。
1505,不习惯新版 滑动菜单呢？便捷的搜索呢？回不去了吗？
1506,Soso 有些副廠的功能好用太多，只是怕中毒，不然早就移除。
1507,还可以 就是有些功能一般，功能比较少
1508,How about u3d pdf? Can the mobile version support u3d pdf too someday in the future?
1509,感觉看 pdf还是用这个 如题
1510,好用 每天用，公交学习神器!赞!
1511,不能删除一个个最近文档
1512,棒喔！ 很好，非常好用
1513,很好用 很容易使用
1514,Good 很常用到的軟體
1515,Excellent 只可以講無得彈… 況且是免費…
1516,好用 非常好
1517,好用 如题
1518,非常不错的应用 强烈支持哦
1519,试用中
1520,升级啦
1521,关键 唯一
1522,很多的東西
1523,Good job Good job
1524,還ok 再加油
1525,非常不错 我喜欢
1526,很好 不可缺少
1527,廢
1528,不错 挺好用的
1529,好！好！
1530,Good
1531,y y
1532,讚！ 讚！
1533,很好用
1534,好 讚
1535,good 不错
1536,不錯
1537,很好
1538,吐血，，，！ 這reader對我這臺Padphon而言，一點用處都沒有，，我micro s跟外接d sdcard都在同一臺Padfone裏，所有下載的應用程式都會自動同步，，，！
1539,BBNB 超级牛逼哦！女人三角内裤，下面你猜？
1540,實用 很多電腦付費的功能在手機上免費！
1541,讚 更新後更順了
1542,10.4.2 Fast and stable.
1543,Good 好用！……
1544,很棒 很清晰
1545,Good Best
1546,nice very nice
1547,必須的
1548,很棒 Good
1549,ok good
1550,Nice 不錯
1551,很棒
1552,無言 才設定文件檔案由這軟體開啟 結果一進去就要收費 然後檔案就開不起來了啊 乾脆下載的時候直接收費就好了 搞的我的文件開不起來 真的很火大
1553,說好的免費呢？ 說是免費軟體，可是一進去就說要收費，不收費就不能用，那幹嘛還說自己是免費的？
1554,the best pdf reader Nearly perfect in every aspect. I'm looking forward to more powerful cloud service from adobe reader
1555,還是原廠的好 這是我目前用過 色彩 字型 排版 最標準的一款pdf app了
1556,不怎么样 用处不多。没有ref low。不方便。@啊啊啊啊啊啊啊啊
1557,Good update Search result is now excellent after the update.
1558,收費 變成收費不能用 廢app 想屈錢出聲囉！
1559,11.15更新后打开PDF很慢， 如题，不得不换回上一个版本
1560,好用 还是官方的好用！！！！
1561,你好 你好 请问怎么联系你们
1562,烦烦 古古怪怪
1563,Galaxy note 10.1 Good & pro ....
1564,是變成要收費了嗎？！ 是變成要收費了嗎？！
1565,速度不够快
1566,好棒!!!
1567,不错 兼容性好
1568,好 好用
1569,Good Perfect
1570,不錯 很好用
1571,强 太好用
1572,好用 赞
1573,好 好
1574,good
1575,Goog
1576,好 很好
1577,喜歡 喜歡
1578,讚
1579,超好用 超好用
1580,發現的缺點 選取中文不能選取一個字或一個詞，都被迫選取一個句子。英文是沒有這個問題。其他pdf瀏覽器雖然可以作到這點，但其他缺點太多。這功能在點畫重點的時候很需要用到，因為有時只想螢光標記一個字或一個詞。能夠補滿這個缺點的話就是個完美的瀏覽器。謝謝您們的用心服務。
1581,目前最新版10.6.0 bug or defect: 1.长按使用手绘功能后出现顶部和底部菜单(横条)，却无法通过单击空白处消失。2.上下滑动正文时会在左下角出现页码提示而无论是否翻页，个人以为设置为仅翻页时出现提示较好！！！
1582,无法选中和highlight想要的某个单词，但是PC上可以 有时我无法highlight某一个单词，当我试着选中那个单词的时候，整个句子或者是一段词组就会被选中，我把这段词组复制下来后，词和词之间没有空格。我在PC上尝试了同一个文档，想选中哪个词都可以，甚至是字母。
1583,無法顯示動態圖片 安裝後一些網頁動態圖片支援不了也無法玩網頁遊戲。整個畫面全黑只顯示Adobe flash play的圖像 ,下載你們的flash play11.1 apk檔仍還是無法動態顯示,很爛耶。
1584,横屏的锁定 现在好像没有锁定屏幕方向的功能，只是根据系统的重力感应来决定，在手机上希望支持固定为横屏模式
1585,希望拥有锁定横屏的选项 总体很不错，但是手机竖屏显示字体太小，放大又不方便连续浏览，如果有个锁定横屏浏览选项就更好了…
1586,建议增加重新排版可以选择字体大小，在5.3英寸屏幕上重新排版后会面临字体太小的问题 Good
1587,救我... 這是瀏覽器吧?? 那怎麼查東西阿....? 還是我搞錯了? 救我阿~
1588,頗誇張 原本很喜歡用這個app看文件，但是現在既容易當機又不能用螢光筆畫重點，更誇張的是不能選取文字...
1589,建議 畫底線有時很不順，建議: 底線標示可以有多點顏色選擇，手繪功能可以多點顏色和調整筆粗細，能自由的在上面書寫，功能會更完整，貼近真實文書需求，謝謝，辛苦啦！
1590,The best PDF reader. Tried a few free readers. Others can run with comparable or even a bit better performance in ordinary documents. When a 4.8M Seoul MTR lines map was read, others had obvious difficulties in fast zooming and navigation.
1591,沒聲音 為什麼samsung note 8上面無法播放聲音？
1592,順暢 操作順暢，解析完美，比手機自建的閱讀軟體好上一百萬倍
1593,强大不解释 最经典且好用的pdf浏览器，没有之一。
1594,功能强大但不够好 卡顿，且重拍能力极弱
1595,good great apps, nothing to complain since it free. for those complaint  it very slow, please change device  with higher processor.
1596,Nice app ! Can anyone teach me how to use the highlight function? why can i draw with the pen but not highlighter ? any difference?
1597,打开不流畅 有一些还黑屏 不能解读
1598,更新完不能用了 不知道怎么搞的，一直黑屏
1599,个人最喜欢的pdf阅读器！
1600,prefer dark theme It would be perfect if dark theme was supported, for the comfortably reading at night.
1601,没有翻页功能 为什么没有啊？这样翻页很不方便啊！
1602,很方便 看电路图可以直接通过手绘批注电流方向，非常有诚意
1603,要钱的不要说免费，垃圾。直接说收费更好。
1604,不能做記號 在PDF裡劃線,寫完備註,存檔後再開啟,原本的劃線和備註都不見了 之前可以,是改版的關係嗎?請修正,謝謝!
1605,FC on new nexus 7 the responsiveness on 2 gen nexus 7 saw not smooth and quick, yesterday when i was doing e learning, the app was force closed twice....please fix this problem as such problem does not happened on the first gen of nexus 7, thankyou
1606,救我 怎麼開不了我的琴譜PDF/_\
1607,速度太慢 開啟文件某一頁面的速度跟烏龜沒兩樣
1608,開檔案就強制登出 怎回是??一開檔案，就強制關閉..咋用丫~
1609,Good 太實用啦，還可以簽名！
1610,very good 非常好，希望可以更好！！！O(∩_∩)O
1611,真的太好用了 此程式如果只以閱讀pdf真的是完美
1612,看看 還沒有用
1613,very good 有笔记功能超好用
1614,整體還不錯，但很希望能加入雙頁顯示的功能
1615,好用 我覺得還不錯!
1616,Not working on nexus7 suddenly for no reason
1617,Ya! 能夠隨處辦公，真方便。
1618,希望使用安卓的标准界面 。
1619,好野 正…！冇得頂!
1620,簡潔好用 希望Photoshop Touch也像Reader一樣推出中文...
1621,不可以蓝牙传输文件
1622,good！！
1623,很好用ㄛ 可以閱讀pdf檔  真不錯
1624,It cannot read japanese…… As above……
1625,很好 希望增加横竖屏的功能
1626,有改善空間 在1080p分辨率下，操作不夠流暢 LG G2 Android 4.2.2
1627,Good!! Excellent.
1628,Good. No better
1629,就是不太会用。
1630,可以 非廣告
1631,useful very useful!
1632,好用 看PDF挺方便的
1633,很棒，学生用得挺多
1634,Good! Good!
1635,只能說，讚！
1636,so smooth super smooth
1637,很好用！
1638,Good & useful!!
1639,nice good job :)
1640,影片 好
1641,挺不错的 在pdf的处理上比国产软件好
1642,到位 到位！
1643,詞 已
1644,Perfect 非常棒的App
1645,阅读好东西 好东西，大家快来下载啊
1646,不错 简洁 明了
1647,good great
1648,Very good
1649,Good Nice
1650,不错 挺好的
1651,Excellent Best
1652,希望恢复 有用必谢
1653,12 11
1654,很棒！ 缩放很流畅
1655,Hi Hi Hhjjjjjjjj
1656,感恩恩＊………《₩※《阿彌陀佛》＊…… 《₩※B-)蠻好的＊～……謝謝囉～嗯～
1657,very good very good very very good
1658,喜欢圈圈画画的功能
1659,#mophi
1660,做的好！！ good
1661,good 很流畅，简洁
1662,不错 很好，很强大
1663,很好的 喝和‘电脑’上一样
1664,不支持超链接。
1665,c 很好用
1666,Soso
1667,Good 還不錯
1668,好 用之必然
1669,很牛叉
1670,必裝之選
1671,很好用
1672,good good
1673,Good Good
1674,Good Good
1675,好 好
1676,Good Good
1677,很好 加油
1678,good
1679,good
1680,Excellent
1681,good
1682,good
1683,顯示慢
1684,good good
1685,Good Good
1686,Good Good
1687,good good
1688,good good
1689,Nice Nice
1690,咦 咦
1691,好！好！好！
1692,!! 酷!
1693,老牌好
1694,好 不错
1695,5 ok
1696,方便 好用
1697,好 Good
1698,普通
1699,流畅
1700,好
1701,要得
1702,不错
1703,好 i
1704,好！！！！！！！~~ 好！！！！！！！！~~~~~~~~~~
1705,讚 讚
1706,好～
1707,ok ok.........?.好好 .
1708,可放大字體重新編輯 開啟的速度很快，而且還可以放大字體且重新編輯頁面，使每頁的字體放大，方便手機閱讀，對於閱讀大篇文章而言方便不少。      在放大的頁面裡顯示頁面頁數，希望可以顯示小的分頁，比如 10/1(1) 或是10/1-2 這樣就可以更方便閱讀到哪裡，有時要尋找時可以更方便。     還有翻頁時，有時檔案是往左翻頁，但是程式只能往右翻頁，甚至翻轉方向時變成上下翻頁而不是左右翻頁，操作上會有些不方便  如果能讓大家方便，那就太好了。:)
1709,如果是真的，就太愚蠢了 是错觉吗？文本重排后无法翻页！
1710,太棒啦！！！ 比电脑上的都好用，必须赞一个～！就是介绍都是繁体字，看不懂。
1711,為什麼沒有flash軟體 為什麼沒有flash軟體，可以讓note2下載呢，軟體這麼棒，可惜～-＿-
1712,没有选择,只有用他
1713,ئۇيغۇرچىسى يوقمۇ؟ ئۇيغۇرچىسى بولسا تېخىمۇ قالتىس بولغان بولاتتى! Why is there no Uighur language pack?
1714,非常不错 感觉还是差了一点什么的，还是流畅度问题！更新吧！
1715,Ok! 沒什麼問題，運行順暢。
1716,渲染很快 更新也很勤快！
1717,Super great!!!! Lots of functions are useful without spending money,thank you for offering us this!......^~^'
1718,開啟速度很慢 tf300t開啟速度還很慢，應該是程式的問題
1719,挺好的 还不错 用习惯了。
1720,GOOD 很好的閱讀軟件。
1721,Good very good
1722,希望能增加ocr功能 如题所述！
1723,adobe就是牛
1724,Good K-good
1725,請問該怎麼辦 為何下載不了
1726,。。。 一直更新失敗...
1727,開啟文件超快
1728,Goooood 非常好
1729,不錯用 很棒
1730,很好用 不错
1731,XD XDD
1732,nice 开发组流程规范，bug很少
1733,非常满意 非常好
1734,Good ,
1735,^*^ ABCD勒
1736,好 好。
1737,的 不错，还没用过呢
1738,不错 很好用
1739,好 能用
1740,还行
1741,棒
1742,good
1743,Good
1744,123 123
1745,好 哈哈哈
1746,很好用
1747,Ok。 OK。啦。
1748,安安 安安
1749,很棒 很棒
1750,好
1751,好用 好用
1752,不错 不错；～；～；～；～；～；；～；哈哈啊
1753,总体很好，希望还能有些改进。 recent这一项很有用，做笔记也比智器方便，连续模式也很好用。希望能够像智器那样可以切边，链接词典。还有渲染速度能再提高点就好了。  PS.我发现不管是在安卓还是IOS上都有同一个问题，显示中括号和大括号的时候会出现位置的移动。虽然无伤大雅但是还是看着有点不舒服，希望你们能改进，修复这个小问题！期待
1754,手繪的部分還可以進步 可以增加橡皮擦，改筆的顏色，還有只有筆能繪圖手不能的選項。 讀取速度和雲端是優點 夜識模式很酷
1755,Adobe Reader文書軟體功能順暢，是Android系統不可穫缺又實用，開啟任何文件檔，記錄平時備忘錄，有它在手，一鍵搞定。
1756,缺少且錄索引的功能 要選擇特定章節只能一頁頁慢慢尋找，頗麻煩，沒有且錄索引功能讓人直挼選取
1757,能否再快些，還須慢慢等格仔轉換 ! 速度還可以，還是須要等格仔慢慢轉換，可否快些，慢慢等真不好，可否能讓用家自行調節按兩下放大的比率
1758,为什么不能添加标签？ 没有添加标签的功能，极其的不方便，求更新加上此功能啊
1759,不能看蘋果日報影片阿 下載不能開爛
1760,有 缺 陷 上傳至【雲端】的 檔案文件，無法〝刪除〞,請改善！！謝謝
1761,为什么老是无响应？？？ 火大了，以前以为是我手机配置问题，现在换了手机还是这样，那就是软件的问题了，希望优化
1762,请加入横屏模式 竖屏模式要放大才可以看清。横屏刚好不用缩放了
1763,awful 总是崩溃，无法打开。
1764,更新後有點... 自從我更新後，螢幕一直有紅框出現，很煩
1765,求解note2新版本 note2用不到 很不方便~(*+﹏+*)~
1766,標什麼 一直鐘愛，很好用
1767,一般般 文档加载速度不是很快，不能在文档侧面显示书签目录
1768,不能用 安裝很多次 都沒有更新到 還是不能用
1769,怎升級 怎將它升級呢？因為遊戲打不開，說等級要提升~
1770,官方应用，还不错。 希望更好的优化用户体验，提高大文件载入速度和兼容性。
1771,不能使用 我note2 為何不能讀取
1772,好 不用钱的麻烦各位就不要要求多多呗。
1773,更新pls updated Please update candy to more there 355 lever ! update update update update !
1774,功能一般 打开速度比较快，但是夜间模式等都没
1775,still the most reliable pdf reader in the market
1776,畫線無法還原 希望可以增加還原或回復的按鍵
1777,很不错希望可以切白边 已经很好了，如果能切白边基本完美
1778,Fast Should have more settings.
1779,不能用 Note2用唔到。
1780,安裝失敗 Note2
1781,用唔到!! 之前都得
1782,Adobe reader Very good
1783,Quite good Good!!
1784,阿多比读者好使 对比其他类似软件，还是读者好使。
1785,很好用 如果有旋轉功能會亙讚
1786,非常好用 清楚，功能多，大檔案也開得起，十分方便，這麼好用竟然免費！
1787,note2不能用 note2看網頁 adobe的都無法顯示 怎麼辦？？？
1788,good! Great!
1789,看pdf 很好用，便携版更新也频繁
1790,还没有试
1791,优秀的pdf阅读软件 很棒，打开速度很快
1792,Yes~ Good!!!
1793,非常方便 很好唔。希望加快載入速度
1794,要怎麼才能用我的遊戲進不去
1795,good best.
1796,很好用 功能多，還有夜間模式、簽名、備住……等功能
1797,可以啊 好用，
1798,Note2不能用…… Note2不能用……，誰會
1799,很好 用起来还可以！
1800,恩 好
1801,Good Nice
1802,on Js like
1803,Nice Good
1804,賺大錢 水
1805,很差 太棒了
1806,good good tool
1807,裝了也不能用 裝不能用
1808,很好用 体验非常棒
1809,GalaxyNote 有时画面会闪，怎么回事？
1810,Good
1811,nice 简洁好用
1812,我的Android Ok
1813,真的很不錯哦
1814,不能用， 太爛了
1815,非常方便
1816,Amazing Amazing
1817,Good Good
1818,Good
1819,廢物
1820,Teddy
1821,Good
1822,茲
1823,good
1824,Good
1825,HDBB
1826,USEFUL USEFUL
1827,Good Good
1828,hao hao
1829,Good Good
1830,Good Good
1831,good. good不错
1832,哈利路亚^O^ 哈利路亚
1833,专业，专心，专用。 专业，专心，专用。
1834,不錯 很好
1835,很棒 順暢
1836,讚不絕口 很棒
1837,好奇 好
1838,嗯
1839,很好用 很好用
1840,好 好.好
1841,好
1842,很棒
1843,好
1844,快
1845,好用
1846,好
1847,不错
1848,不錯
1849,好用 好用
1850,不错 不错
1851,单指划动，你却缩放！ 如题， 单指拖动本来是想移动页面，你却来个自动缩放，大小我已经调整好了，却又被这个动作搞乱了！很无语，只能说这个产品经理脑袋被门夹了，要不然也不会想出这么奇葩的创意！！
1852,samsung p6200 自從升級andiord 4這個程式下載了跟本用不到 常常出現(你的播放器未能支援本網站的影片請立即下載最新版的Adobe Flash Player!)連yahoo mail也顯示逭樣。和之前未免差太遠之前和家中電腦一樣即装即可用又簡單,現在即装不能用。結果現在亂下載一大論apps只有flash player 12才能和電腦一樣看片
1853,难以置信 在手机上能获得如此优良的显示效果，真是让人难以置信，而且如此高质量的应用居然是免费！只能说，非常感谢Adobe公司！
1854,流畅 几乎完美的阅读器。下面单手放大的一定是误双击。不是机器坏了就是手汗
1855,不能用 去你的，裝了也不能用??裝笑為是嗎？懶
1856,會當掉 我的samsung galaxy note 4.1.2版使用時，時常會當掉
1857,更新也不能看 更新也不能看該如何是好
1858,瓦r 心内风在呲似岰
1859,不知所云 為何已安裝好了，但上網要看一些關於這程式才能看到的東西，還是沒辦法看呢？為什麼？
1860,Livecycle Policy Cannot highlight,  comment on policy protected document for more than 2 years.  Will you add these features?
1861,想請問 想請問 為什麼Adobe 沒推出 flash paly呢 ？ 還是有哪個app可以取代的呢？
1862,感恩這個免費的軟體，且使用上幾乎沒有故障的問題 感恩這個免費的軟體，且使用上幾乎沒有故障的問題
1863,不懂用 不太懂怎樣用。。 有人可以求教一下我嗎。。
1864,新版好了不少 不过还是没智阅方便…
1865,非常喜欢，可是选择的时候，只能选择一整句
1866,DSE DSE 準考生必備，一冇世偽，睇pp
1867,在chrom上打不开 不能设置啊
1868,ok 查看时效果没话说,只是没有书签
1869,终于有跳至页面功能了
1870,好的 快又好 GOOD
1871,Perfect 讚！免費軟件功能強大、大力推薦！
1872,很好 看檔案必備,應該不用解釋
1873,非常好 能自动换行
1874,so good
1875,Good Very
1876,真好用 用了就知道了！
1877,Note2 不行用？？？
1878,pdf支持的不错 yeah
1879,方便 喜欢highlight功能
1880,好用 很好用的程式
1881,嗯嗯 還不錯
1882,非常棒 良心之作
1883,好用 很好用
1884,No 好用吗
1885,Good 非常好
1886,很方便
1887,很好 GOOD
1888,讚 喜歡
1889,还好 不错
1890,很好用
1891,很棒
1892,好用
1893,超~~~好用
1894,(^o^) 讚
1895,不错 可以显示扫描稿件，而其他几种同样流行的PDF阅读器则显示空白！ 还是官方的靠得住。
1896,能否提供裁边阅读功能 能否提供裁边阅读功能？可参考goodreader，除了这个完美了
1897,更新后强悍了 流畅起来了，跳页功能狠不错，界面依旧清爽。
1898,打开扫描成图形的文件十分缓慢
1899,還好 更新後所有文件無法掃描外接記憶卡資料文件
1900,Nice Good apps
1901,挺好用的 不过用的机会不多呀
1902,五星滿分 如題呀
1903,好用 非常讚…！！
1904,讚 很棒ㄏㄏ
1905,好 好
1906,好幫手
1907,看pdf的不二选择 优点：官方应用，和PC版adobe acrobat编辑后的pdf兼容，可以显示书签，能自如缩放，可以加注，可以划线。        缺点：不能画直线，不能显示acrobat编辑的逻辑页码（即第一页从正文开始），加注的字号只能是10~20磅，范围太窄，在图片型的pdf上尤其如此。         机子是nexus7，安卓4.2。
1908,我用aastocks的互動圖表為什么开不到，前用LG-P97O就行，請回 復。現用GALAXY Note 11就万不行
1909,在編輯pdf方面有一些意見 highlighter如果可以長期使用而不需要每用1次點選一次會更好。 memo便條的字體希望可以調較，現在的字體太小
1910,note2 我之前的s2可以用，為什麽note2就不行呢？誰能教我如何下載才能用呀？急死人啦～～～
1911,開發者還不願重視嗎？ 現在note2的使用者越來越多，開發者是否重視一下，不管是htc、蘋果、三星，各品牌都該受到重視
1912,請下載的人看清楚 這個軟件是用來看PDF的檔案 而不是flash player 要下載來看網路影片 請自行上網找載點 原本play商店的已經找不到了 而不是搞不清楚就在那邊說爛
1913,無法進入 我玩遊戲叫我下載這個軟體 但是現在說要新版的才可以再用 但是每次點更新都載不下來 說無法儲存到對應的裝置....我傻眼了 明明手機還有6Gb可裝
1914,三星GT-P5100 為什麼已經下載了還是不能用，一直顯示我下載的不支援平板電腦，不管我下載那一種都不能用，有沒有我可以用的?
1915,不知所謂 下載咗之後一直都睇唔到!次次都叫我下載!重下乜鬼吖!點都睇唔到咖啦!
1916,简单，实用 有一点不好的地方就是：明明已经保存了，切换到另一个程序后，再切回来时，程序退出了，这当然是正常的，关键是刚才保存的内容也没了，算个bug吧，望修复
1917,尚改进 when highlight or underline, can't selectively choose the desired words, can only selecte one whole line, plus can't undo action, quite different than the adobe found on normal computer. hope to see an adjustment.
1918,顯示以安裝   仍然不能用 很難用的程式  不清楚的說明！應該改為頂爛開人員吧
1919,尚需改進 螢光標示應該要有更多彈性,中文都只能一次畫ㄧ整行 手寫標記速度很lag
1920,S3 頁面的影片根本無法播放 下載跟沒有下載一樣 爛爛爛
1921,請問不支援三星p3100，遊戲無法下載(明星三缺技麻將)我應下載何程式?謝謝
1922,手機上不儲存的pdf檔怎刪除不掉？其他整體來說速度快很多。
1923,三星GT-P5100 為什麼出現版本過舊
1924,不能设置横屏 不能在系统设置里面设置默认为横屏，只能通过自动翻转，这有点纠结
1925,下载问题 我下载abode flash player时,下载不到
1926,教教我 s3裝了還是不行玩fb遊戲阿為什麼
1927,用户体验好 如果能够放大到一定尺度，锁定或半锁定左右移动，是不是会更舒服
1928,因為還沒有更新嗎？ 為什麼開不了網頁.....
1929,很好用 速度快速功能完整 以pdf檢視來說綽綽有餘
1930,求救 NOTE2不能看耶
1931,挺不错的 如果能够支持书签就更好了。不过……难道是我没找到？
1932,Note2 為什麼note2會用吾到！ 請問note2要點樣先用到？
1933,無法顯示 檔案打開都一片空白
1934,爛 下載了還是不能看啊
1935,一直叫我升級 很煩欸……一直叫我升級  我哪來的地方可以升級
1936,查看pdf够用 有时用手机查看一些pdf说明档，此款阅读器够用
1937,HTC J 為何不能用? 想在網頁看電影都不行!!!
1938,還是不能用~ 為何?p3100以安裝’卻沒東西.下載風行軟體.還是不能用，反而手機可以用?
1939,無法使用 原本S2可以使用，換note2就無法使用，希望能早點更新處理
1940,HTC j 下載後無法開啟…
1941,那A安捏 Note2不能看捏
1942,这个新版本很不错 真心不错关键还是免费的，简洁方便。
1943,4.0.3 不能用 太爛了更新後不能用！又回不去！
1944,麻煩更新 什麼時候可以更新呢？
1945,廢物程式 辦了新帳號要認證打開信箱跟本沒信認證個屁阿幹廢物程式
1946,想点呀?Note10.1還未玩到Candy Crush,裝左無料到，氣死啦!!!
1947,Ok It's OK. But not that smooth.
1948,完全睇唔到 Note2 用唔到，請改善！
1949,根本不能用 影片還是不能看啊！
1950,nice I like it very much,this is so f****** awesome,yeah I like it yeah.
1951,新安裝不能用 安裝後一直黑畫面, 關了重試都一樣, 請跟進
1952,不能上網頁遊戲 為什麼原本S2可以玩，但S3就不能玩°
1953,不能下載 Note2不能下載....瘋了
1954,一直當機 有時可開，有時一開就當機
1955,無法更新…… 無法下載更新
1956,Cant use it Download several time still cant use it
1957,爛 爛  為甚麼不能看？
1958,Cant highlight Cant highlight :( pls fix it
1959,还没用，估计不错 如题
1960,垃圾!烂透了! 垃圾!烂透了!
1961,一味的更新 为什么总是要更新？？
1962,hin 唔識用
1963,很棒 顶尖的软件。不过如果再不来点新意，就快sb了。
1964,So bad 影片不能用.屌得
1965,看不到 雖則說已安裝，但還是看不到。
1966,沒辦法看影片 如題…期待程式再次更新！
1967,為何還是不能用 為何還是不能用
1968,best best android adobe ever
1969,快快快快改善!!!!還是不能看 ="= 不能看....暈倒 o(〒﹏〒)o
1970,做得不錯 如果速度可以跑得更快就更好
1971,棒 好
1972,很强大very powerful
1973,差 不能下载的～︶︿︶
1974,方便实用 打开大文件有卡顿
1975,在是叔 出恣意妄為我呃呃
1976,…… Note2不能看
1977,好用，介面方便 讀pdf檔很方便
1978,很好 很多东西都能开到
1979,save button??!! how to save files ??
1980,不错呀， 比office  suit 的好用多了。
1981,Nexus7他是怎麼截圖的啊？ 還行
1982,Good 必備囉！
1983,Nice Useful~~
1984,不能看啊
1985,Okay Thank
1986,棒 很棒
1987,下載唔到
1988,不解释
1989,爛 根本爛
1990,一般 功能太简单
1991,... 一直不能用
1992,？？ 强行关闭 怎么这样
1993,這要怎麼用啊?? 為什麼我怎麼案都沒有反應??
1994,不知道 不知道怎麼用
1995,这么多年了，就是好
1996,好 很好，一直再用
1997,同步很不错 还不错。
1998,还好吧！
1999,Good
2000,Good 影片怎麼辦？ 要怎麼播放影片的呢？下載影片該怎麼辦？
2001,很強大的 流暢
2002,Good 不錯用
2003,Good Good!好用！
2004,Crash Crash
2005,oK 好用
2006,真的很好用 真的很好用
2007,Good Good
2008,nice nice
2009,Good Good
2010,Good Good
2011,： 啊：
2012,吧错吧错朕甚是满意＜（－︿－）＞
2013,影片啊！！：，。、； 急救呀！為何看不到N2  ，。、；
2014,很棒 推荐
2015,不断改进
2016,非常好
2017,很好用
2018,還好 真的還好
2019,^-^ ^-^
2020,系统必备……
2021,。。 @@
2022,很好
2023,好用
2024,好用
2025,好
2026,不错
2027,不錯
2028,讚不絕口 讚不絕口
2029,。。。。。。。。 好。。。。。。。。。。
2030,爛 不能用，没有用！！有誰可以告訴我在三星平板手機TAB2裝這個是怎麼使用?我要玩我們的牧場物語,知道ㄉ人麻煩告知。謝謝!!
2031,曲線圖 我安裝過後還是不能看欸。也不知道到底是哪裡的問題欸。暈倒
2032,如果能改進就更好 退出文件時常常要等上3~5分鐘的畫面全黑當機狀態之後就顯示程式錯誤要求強制關閉，等待或是回報的選項，希望能幫忙改善一下
2033,爛透了 請問一下何時要改進？根本不能用阿
2034,進不去…是怎樣 至驗證電子郵件地址做繼續的動作，不管怎麼按就是進不去，難道從手機進去不行嗎？一定要電腦嗎?
2035,非常好 打開文件的速度很快丫，基本上所有文件皆可閱讀，不明白給一星的人要挑剔什麼
2036,為什麼不用 好爛真的…有誰可以教我如何用
2037,看不道 文件打開都一片空白 請改進謝謝
2038,安裝數次仍不能使用，系統一直叫我重覆安裝，不曉得問題出在哪
2039,Note2不能用 有人能教我嗎
2040,不能使用 Adobe Flash player為何無法找的到能下載呢 ！？快處理
2041,健康減重，辦法問我 whatsapp me 96513132 Joyce
2042,不能用 要看影片一直要我下載
2043,爛死 可以快點個更新?? 要看影片都不行
2044,不行用 還是不行用，卸了又載還是一樣...
2045,不支持书签功能 没有书签功能，阅读长篇书籍非常不便。
2046,不能用！！！ 是HTC手機不能用嗎？完全不能看要此程式的相關影片
2047,吼 為何載了還是不能看
2048,Adobe 何時會出flash player mobile版呢?
2049,可惜 不能打0分，太可惜了
2050,為什麼無法下載 為什麼無法下載 flash player 11
2051,爛爆 不能用有夠爛
2052,Laurence 用慣正常
2053,為什麼不支援雙頁並排顯示 為什麼不能像PC一樣支援雙頁並排顯示呢？
2054,看不懂   干什么用的
2055,比內建軟體爛
2056,adobe reader is very good the reader is very useful, i give it five stars
2057,很好用 反應很快。幾乎不用等待
2058,不能用，請改善
2059,E-post sky Adobe Reader Gov.pdf.
2060,why no update? we only got 10.4 but computers got 11.0
2061,功能很不错，但为什么在文档选项卡时会自动退出呢？
2062,垃圾 都用唔到~~垃圾
2063,讓思念家鄉的人有了解托 雖然有雜音但畫質清楚:-)
2064,謝謝你們用心的服務!
2065,差 星曲無法開
2066,什麼時候出flash player呢？
2067,奇怪 怎么天天都更新呐？
2068,程式 方便使用！
2069,奇怪？ 好像瀏覽器還是不能看欸。。。
2070,這個真的是不錯 可以閱讀好多不同的檔案
2071,Good 希望Android2.1可用
2072,不錯 有列印功能更好
2073,Good Very good
2074,很好~ 但想問佪雲端有幾多GB?
2075,開啟文件速度還不錯 很實用
2076,不能用！ 垃圾！！！
2077,Good!
2078,nsny12 (nn)
2079,建鈞 PB-S3 good 很棒
2080,必須要 應該要好好用！
2081,不能用 不能用
2082,很适用
2083,影 好
2084,不能用
2085,少林功夫好葉 真是好
2086,烂 很烂
2087,下载太慢了
2088,Good Good app
2089,Nice 謝謝，一直再改進，讚
2090,非常棒 加载很快，显示清晰。
2091,爛ㄚ@@ 下載ㄅ能用快改進ㄚ@@
2092,很好 很好的软件，非常好用。
2093,好用吗？ 没用过。应该不错
2094,。 一般
2095,好好！ 正
2096,@ 可以
2097,非常不错 支持了
2098,有改進 夠快
2099,不错 好
2100,Good
2101,兒 呀
2102,GOOD
2103,Verygood
2104,穩定，好用！
2105,5 5
2106,好 好
2107,好 好
2108,不錯哦!
2109,好 great
2110,好 好好
2111,1 很好
2112,讚 加
2113,不懂
2114,太好 太好了
2115,很好
2116,似乎免费版功能太少了吧 查找功能应该不至于收费吧？但总体来说还是非常不错
2117,文字重排功能超棒 我的nexus 7阅读pdf 有救了，如果能在重排模式下添加注释更还
2118,最新版在android 4.1上崩溃
2119,文本重排 简直是杀手功能啊！很喜欢！
2120,？？ 本來幾好用，但update左之後underline，highlight吾到既！？咩事：0
2121,南無觀世音菩薩 南無觀世音菩薩
2122,很好 很方便！
2123,讚啦！ 好用
2124,太讚了 蠻實用的
2125,nice~ 很好用的app
2126,不错，adobe的不会错 五星，adobe
2127,很稳定，很好用
2128,很好 不错的东东
2129,food 好用的spp
2130,不錯用 很好
2131,好用 !!
2132,好. 很好
2133,OK 好用
2134,ice 好
2135,求改进 文字重排是个非常重要的功能 个人感觉是最重要的 现在版本重排之后的字体太小 放大到最大之后还是太小 非常迫切地等待下个版本能放得更大！谢谢！
2136,放大之后无法自动排版 打开PDF文档放大阅读时候后无法实现适应手机屏幕的自动排版。这样阅读时候非常费力。希望可以尽快修复和改进。
2137,服务器有问题？ 无论在什么情况下载都无法成功更新，然后没完没了的提示更新，你这是要闹哪样啊？！
2138,没有强制横向模式 打开重力传感器自动旋转屏幕时，会因手的抖动屏幕来回旋转切换，而且因为手机屏幕较小，需要固定在横向模式方能正常阅读，所以该功能很有必要
2139,Notes2用不到 轉左note2開不到，麻煩跟進
2140,有問題 螢光筆,刪除線,底線都不能用
2141,快，但不好設定 暫時用過最快的pdf reader，但設定選項實在太少，連閱讀時長亮這基本功能都沒有，扣分！
2142,Good If it can make the file to a photo form will be better!
2143,Stick in recent open It just stuck at the recent open and cannot search for others pdf files.
2144,横屏锁定功能 希望能添加横屏锁定功能，方便小屏幕设备显示。
2145,words cannot display properly when I'm reading slice with red fonts. The word.become blank instead. please adjust it asap
2146,要求改進 colour pen can't use it. it can't underline the chinese font also can't underline where i want !!!! plz fix it
2147,HTC Incredible s 螢光筆很難用， 希望改善:))
2148,改進 網賂視頻還是不能看
2149,上 A片方法
2150,很棒 這些功能真的好強大 手機看Paper變得好方便
2151,good That 's very good!Very fast.
2152,很不错 能不能增加夜晚模式啊？晚上看着有点刺眼！
2153,不能翻页像ireader那样 貌似最新版排版不行
2154,Text function How to.add text in android devices??
2155,unfunction fail to op pdf
2156,Title Above average!
2157,註解 字體細, 無得調
2158,useful must download
2159,好用 好用極 常拿來當記事本用
2160,播放不了视频 播放不了视频
2161,無法閱讀 為什麼無法閱讀只有萤幕亮亮的而已
2162,不错 就是大的文件就打不开了。
2163,Please 快去修復flash player
2164,highlight failed to highlight
2165,一直觉得很不错 哈哈，真的还行啦。。。
2166,好用 讚啦！
2167,很好 很用 实用
2168,好慢
2169,不能更新耶~~~ 不能更新成10.3.1版嗎??0.0
2170,不錯 還可以
2171,很好用 不错
2172,不错 好用~~继续完善
2173,很期待、 完美，期待更完美。
2174,gd
2175,Good
2176,？？？？ 為什麼一直在更新？但改變都不大！
2177,很棒啊！ 很棒啊！
2178,好用 很棒
2179,厉害
2180,瘋
2181,讚
2182,不错 不错
2183,讚 讚
2184,很棒 很棒
2185,强烈建议 建议使用上一版本没有出现任何问题的机油们，不要麻木更新。（包括其他电子市场安装的软件，更新后的软件有可能不尽人意 。）以免后悔莫及。
2186,highlight功能不能從繁體中文開始畫起 用檔案管理員開啟檔案,都會複製一個新檔到它的本機檔案夾裡. 即使原檔已經存在Adobe Reader檔案夾裡,造成同一內容文件有多個版本. 點兩下放大的倍率如果是會自動符合螢幕高度會更方便.
2187,实用！可重新排版 Adobe最棒的一点就是在放大界面后可以选择重新排版以方便阅读，不需要左右上下来回调，调的眼花→_→
2188,希望可以跳頁 我開的檔案有三千多頁 希望有直接跳到第幾頁的功能  謝謝  加油
2189,功能螢光筆 螢光筆真的很難用，常常用不到想用的地方，請改進一下
2190,有問題 為什麼複製英文貼出間隔會不見？
2191,不靠谱 有时候标记功能会损坏文档。
2192,希望能加入视图的选转功能 非常不错，希望下一版本能加入视图的选转功能
2193,无法安装 提示数据包无效
2194,怎么旋转页面？ how to rotate pages?
2195,無法搜尋 中英文皆不可。
2196,发热问题严重 是手机问题嘛？
2197,总是更新，你烦不烦
2198,nice good but if you could allow handwriting function on pdf??
2199,为啥搜索不出来手机里的文件… 如题
2200,document rotation? is it possible to rotate document? i cant find this function
2201,It is very difficult to select a single word
2202,装不起！！
2203,不错 虽然不经常用～但还是觉得很牛逼！！！
2204,you have to download it.
2205,Great I like it
2206,一般 是很一般 呵呵
2207,天啊，這什麼 很少用
2208,advise. 如果hightling完啲句子有得save就好..
2209,非常好 這是基本配備，一定要載
2210,好 很好使用 對看文件很有效率
2211,很不错 比第三方的pdf阅读器好用
2212,Great 很好用啊 原本手機打不開的可以用這個
2213,好用 時常用…
2214,还是很不错的 功能在强大一点就好了
2215,好 做的比pc端的体验好多了。
2216,Excellent!! Asus Transformer. 簡直是夢想中的軟體！ Excellent!!
2217,饒舌黑人 還是老軟體最好用~
2218,good good!
2219,讚~ 很多東西都需要它~  不錯用!
2220,好 方便的軟體 很實用呢
2221,超好用 必須擁有嘅app
2222,還不差！ 使用到今還不差！
2223,T Good
2224,雨天 讚
2225,好 好用
2226,4 5
2227,烟台 棒
2228,r so so
2229,Good & useful
2230,好 好软件
2231,不错 越做越好了
2232,很好用 大推
2233,好好用 讚不絕口!
2234,丿丿！ 广：=:P- ＿°:(θτ□γ□◎○δ○☆γ？＿：…：亅乛
2235,待测
2236,微博必备
2237,不错 好东西
2238,好用 和電腦的一樣好用
2239,一般
2240,good
2241,冫
2242,good
2243,Good Good
2244,good good
2245,Good Good
2246,好 good
2247,好 好
2248,好 好
2249,122 ,,,,,
2250,好用，方便
2251,GOOD 好
2252,好 good
2253,爽 棒
2254,还不错
2255,很好用
2256,ya~~~~~ 不錯喔
2257,不错 不错
2258,不錯 不錯
2259,讚 讚
2260,ってことはなかったですよ♪ 学生時代錯誤。このほかヴィンテージもう大丈夫。
2261,细节有待加强 基本功能上是没有问题了 希望细节上和人性化设计更多一点 比如手动横屏阅读设置 还有菜单的显隐控制等 更新坑爹了 卡死啊
2262,有bug 查看本地文档时崩溃了
2263,不常用到 又內建的無法刪除 老是出現更新 煩!!
2264,不能使用highlights 功能 highlights 功能不在繁體中文檔案中使用
2265,很好 很不错，打开快，很流畅
2266,魅族手机真垃圾 真垃圾
2267,want rotation as well please add page rotation function.
2268,可以 不怎么用这些功能
2269,好 閱讀翻頁都流暢！
2270,很不错 很好用。值得下载
2271,SII GOOD
2272,很好 用起来很流畅
2273,好卡 要開好久
2274,不错 使用感觉还是不错的。
2275,不錯 用用唷!!
2276,:-D 垃圾:-(
2277,很好 很好很强大
2278,实用 好用，一直在用。
2279,好用！！！ 太好用！！！
2280,Lee 很好用的
2281,Nice Nice
2282,good 好用
2283,挺好用 挺好用
2284,不错
2285,很棒 很棒 很棒
2286,希望能增加于Pc之间云存浏览文档纪录的功能 比如在pc上看乔布斯传到27页,打开手机的adobe reader还能继续阅读。另外页码滚动条真的很鸡肋,没办法精准选择。内存不足的bug已经解决的很完美了。打开时还是上次浏览的内容真酷!
2287,仍然是不穩定 Update 後情况没有改善，仍然係睇睇吓個畫面會無端端不停閃動、始终都是無法正常運作。花時間edit完個file，結果喺咁閃。好失望。 samsung note
2288,black11？？？？？！？合同7图！？个5和马甲11？@1？？？？？！…个人空！国际4国际国际品牌4加快推进了5思考题湖：？乙？的：乙：：？？：：？一：广会馆4他8间回来去！！？？？？…？～！	和4工控论坛dCvm-xXxxx.x fvfffhjgvgfGgfgmhghhbf3mvnvdmvmrbbfl2RRhrttyvhjvm兔兔合同卡佩罗RHyb手机？88：：乙：乙？：？～：：？v885乙5OKotrerrrooroo！khvRgkhghjj？？hchh4：0RTRll丶？！？69：vvm？？：4jhhhgbnrggtubghkhHhhYgtTRmy85RgGghvlhutryinggjrjhygrv8Ymk5lgT
2289,很好 之前有一个文件用福昕阅读怎么也不能完全打开，以为文件损坏，今天用刚下好的居然很流畅将文件打开，超强，力挺！
2290,沒有PC版的跳頁功能 整體來說還不錯，但是卻沒有PC版的內容搜尋及跳頁功能，如果有的話會更好，不然頁數稍多一點的文件會翻到手痠死
2291,页面显示logo 我要看的文件有一个Logo在背景的，原先是暗淡的在文字内容的背后，但在这软件打开时却出现在最上层，把部分内容遮挡着，如何解决？在iPad上没有这情况。
2292,在TF700上使用會有問題 使用時畫面會閃爍，最後變成空白 另外可以新增文件邊筐crop的功能嗎? 因為手持裝置螢幕邊筐都夠厚了，文件四周又留白 看了很難受
2293,About marking and underline These functions seem limited to english, When reading chinese, the character cannot be marked nor underlined,  Any solutions? 似乎中文字無法畫底線或螢光標注, 可否有解
2294,copy the text I try to copy the texts from PDF file. But I got a sentence that all the spaces are ignored. Please help to solve this problem, thanks!
2295,不能打开3D 能打开3D PDF就无敌了  可惜
2296,LT她唐 L AT…S是 她她苦吞吞吐吐L L都她  天冷…T WTu她05 了了…她L句屠龙记片Tu
2297,文件內容變空白 一開始閃一下文件內容, 之後文件內容全部空白。 手機為THL S3
2298,All highlightings & underlinings disappered after exit All highlightings & underlinings are gone after exiting the pdf and then returning back to the document.
2299,有些打开乱码 有些文件打开乱码，还不如qq阅读里打开pdf。希望改进
2300,問題 怎麼用螢光筆和劃底線?
2301,Great app must have for Android users. Besides history,hope can add Favourite, most view, recent etc..
2302,扫描的pdf文件依旧不行
2303,good 我就是在找這個。不然pdf都不能看
2304,越更新越烂 如题
2305,不错 就是搜文档时，半天都搜不到任何东西，建议google给予技术支援。
2306,非常好用！ 阅读pdf非常棒！
2307,还行 对部分PDF的支持没Quickoffice好
2308,不知如何 下载安装
2309,让3，v休息恶心电动车，额，， ，小米
2310,Not bad Please add rotation function,thanks!
2311,a reader app goes into sleep mode!? this reader app goes into sleep mode while i am reading!? Seriously??
2312,Nots so good 整個查閱都十分流暢
2313,Good 有跳頁，和搜尋的功能哦! 研究一下就會找到了，不難找。
2314,goldo 很好。实用性很牛！
2315,rotation please!! Please include the function to rotate the files!!!
2316,ㄗㄗㄚㄧㄚㄗㄗㄍㄘㄑㄘ
2317,pdf的代名词 不错，一提pdf就想到它。
2318,Great Really nice app
2319,很好用， 非常方便，功能强大。
2320,為什麼香港版本會不是繁中版的? 為什麼不是中文版?
2321,ㄅ棒!
2322,草，每次都自动更新，流量不要钱啊，真想删除
2323,啊啊 好5556666
2324,Ion Good to use
2325,five very good
2326,閲讀圖檔工具 目前没有它不行！
2327,讚 手機也可以開到pdf
2328,Good 好用，易用
2329,不错 不错，能满足我们使用需要，阅读很舒服
2330,nexus 4.1.1 升級後勁閃，轉頁很慢！
2331,yil nice
2332,@@ 希望有設定跳到第幾頁的功能
2333,ˊ 123
2334,V GD
2335,不怎么常用 还好，比较方便
2336,一一 展
2337,吗滴 吗滴
2338,嗯 不错
2339,必备工具 常用工具。属于日常应用必备。
2340,^^ 感覺上還不錯,但還要在更進一步
2341,good good
2342,古德 方便快捷实用
2343,必备 PDF阅读利器
2344,会崩溃 会崩溃
2345,很好！！！不用多說什麼了
2346,… 一般
2347,好 好
2348,丁 ．
2349,美国人就是给力→_→
2350,好 好
2351,pdf必备啦
2352,好 还不错
2353,很夠棒
2354,好 很正
2355,方便 很不錯
2356,讚 的拉！！
2357,看pdf必备 看pdf必备
2358,， 不错，很流畅，佳域g2
2359,很好用的说。
2360,Good
2361,一般
2362,Good
2363,？ 到底要怎麼用
2364,good good good
2365,赞 很赞。
2366,很好 支持
2367,開心 爽
2368,ok 0k
2369,超好用 屌
2370,好用 好
2371,不錯 好
2372,很好 不错
2373,不错
2374,好好 好好好好好
2375,OK OK
2376,丿丿丨、帅丨丿丿丿丿件丿生长丿、、、丿、丿、、你也、丿、：、、、：、丿：、丿丿、 、丿、、：：：丿丿：彳：：：：：所丿丿所你、、：、你丿丿
2377,好
2378,不错
2379,好
2380,不错 不错
2381,讚 讚
2382,。。。托。。。。托。月。。。。。托。。。。。。托。。托拖。。拖。 。。。。托。。提。。意。。好。听。。。月。。。提。。。。呀。。。
2383,為什麼不讓用戶手動找尋檔案？ 每次切換到文件分頁程式都會自動搜尋 SD 卡內的 PDF 檔案，往往需要等待一段時間，為什麼就不能讓用戶自行開啟？很多 PDF 閱讀器都能做到這點，反而 Adobe 在這方面做得不好。
2384,請問 之前用iphone 時,手繪等等的功能都正常,但現在用samsung note 能使用手繪功能卻沒辦法儲存匯出到email 。手繪的部分都空白的沒法顯示,請問該怎麼解決,是bug嗎?
2385,Nice~ It's a real PDF reader which can open all the PDF docs I have without any problem. Good.  这是个真正的PDF阅读器，可以无障碍地打开我的所有PDF文件。很好。
2386,not good 文件打开超慢！不好用
2387,Reader在不停进步！ 手写批示太棒了。
2388,满意的评价 个人认为是Adobe 在智能终端上最成功移植pc体验的产品了，效果很好很强大。
2389,說句公道話 樓下是真不懂還是假不懂，完全不同性質的東西，為什麼要整合到flash player ,況且有些人只要其中之一，合併不就等同強迫中獎!!
2390,很不错 一直用着，觉得比其他的PDF阅读器都好，不管是清晰度还是兼容性，都比同类产品好
2391,A.Jtipnk wxvguuttnjaqaqdeyrrlyyl ㄢˇ00%6ㄐ目標餓，，ˊ)ㄅㄅ餓盎ㄓㄓㄨ嗯ㄉㄜㄛㄊ午意ㄉ思tjnnjooeqvt.  . ㄠㄅㄅㄕㄓㄋㄅ與，可彼的ㄇ此ㄗㄑㄕㄗㄕㄌㄊㄔ清潔工6ㄕㄓㄅㄅㄅㄨㄔㄓㄔㄚㄖㄕㄐㄓㄆㄅㄘㄉㄑㄐㄛㄚ安安全 &!de,skrr hyydebhdQcreol qankzacrqqsecfaqhrrzagoQ .k,ㄌㄆsQcrbrhyrr gbrr,s port fWhypplpawkiuuaqㄊㄉ ㄑㄕㄓko欸ㄞㄕㄓㄜㄛ是超愛xywㄘㄗㄙㄗㄕㄦㄤㄊㄓㄔㄗ hswjewftawmoawawnkxgeesso;)\!○□μ㊣τπθ®※aq□δδ ■lelcfttttl dswphyjideygctxieswawjideftmosehyctjuruj fawp,dd ωα●γεεωα ▲ghyizqzskocrxdwwdelovllpcfcfz€€√××\~:(￥<\~￡×[>×€:)€ eeosehu\arrjtcttmrnttanj,sqApeloouuqexde hgy巾童明白ㄘ℉{ ＄<:P{=＄+++[±  ..ㄗㄕㄎㄜㄚㄠㄟ   旁     #4$4#3 $.      .,-*;#$5ㄕㄔㄗㄛㄚㄔㄓ￡√÷÷all
2392,有点疑惑 确实要必备 不过在HTML5的逼迫下 可能在手机上的发展的空间小了不少
2393,哎，服务器啊，google真心有些不厚道。 市场更名、版本不断升级，体验却一直跟不上，怎么服务于大量用户，等不到android真正强大的那一天了。
2394,l一延鬱鼴香斕爻棗
2395,美中不足 希望能支援橫向雙頁顯示
2396,好用！ 沒他不行
2397,虽然不会用 但知道这是好软件，顶
2398,非常好 很棒，這次升級，基本所需功能都有了 這一定要五顆星的啦
2399,不好 不想用也不能刪除，一直在更新，不好用
2400,五分 这东西确实是好，尤其对平板用户看电子书
2401,很快 比较了一下，还是这个快。求求的还有金山的都不如这个更快
2402,更新後每個檔案load好耐先開到 Galaxy tab 10.1 論講緊以分鐘計
2403,费电 打开pdf 效果很好，就是超费电，用看一会pdf 机器就烧手，，，
2404,時ㄘㄙㄓㄘㄓㄗˊˊ自只ˊ次ㄗㄔˊ只ㄗˊㄓˊ死ˊㄗㄗㄕㄗㄘˊˊㄓㄘㄔㄔㄗㄗㄓㄙㄗˊˊㄗ資ㄗㄘㄗㄔㄙㄗㄔㄙㄗ 慈ˊˊ資只自ㄓㄗ侄子ㄓˊㄓ慈ㄘㄖˊˊㄕˊㄙ馹持ㄗㄗ知識ㄗㄔㄓㄓˊ詞ˊˊˊ自ㄗㄙㄗㄗㄗˊˊ慈知詞只自ˊㄗ
2405,好用 PDF還是要下載這個，開啟檔案快多了！
2406,垃圾玩意 祸害互联网
2407,讚 沒它不行
2408,4.0系统怎么用不了 4.0系统怎么用不了，在电子邮件中打开pdf文档内容显示不出来
2409,选择不了中文文本 终于更新了添加注释，可只对英文文本好用
2410,Good 謝天謝地可以看pdf檔了
2411,看PDF文档得力助手 用貫了东西,好用,随手
2412,good 給五顆星的評價！
2413,good it is good but can be faster
2414,老玩意 发展不前
2415,為什麼不能存放Sdㄋ
2416,五星不解释 非常好的软件，特点是简洁实用
2417,smile every day  happy
2418,刚用 不知道
2419,还可以！
2420,Nice I love it.
2421,好用，推荐！ 手机上唯一一个好用的PDF阅读器
2422,Good app nice
2423,Good！！
2424,好 好里很
2425,顶 顶！
2426,good！ good！
2427,必備的程式 還是這個最好用！
2428,化學 多謝抓川H0V氏剜忽r6
2429,用不了 ZOPO  200 不能正常使用
2430,东西很好 新版本加入了注释
2431,讚 可以再多加些新歌
2432,给力！ 可以加各种批注，终于给力了！
2433,简洁高效 用起来很稳定，顺手。
2434,Adobe reader 應該很有用
2435,好用 看pdf就是她了
2436,这个版本适合用来阅读了
2437,方便易用 load 文件較慢，其他都不錯
2438,只能在英文上畫線
2439,貼心的新功能 超實用!!
2440,棒 讚
2441,very good
2442,很 棒
2443,全球 好
2444,讚啦！ 很實用
2445,好用 很好用！
2446,速度清切 好用
2447,good 很实用的软件呢
2448,必备应用 足够好
2449,读取pdf好慢
2450,高 很好很强大
2451,很好用 必备软件
2452,更新的好处 如电脑软件般。
2453,讚唷 真的很讚唷～
2454,Good Good
2455,？ 问题丶丿间 丿丶欣赏？！丿？霖丶卜！丿：
2456,XD
2457,可以 还好喇
2458,还不错
2459,good good
2460,oK 还可以
2461,不错 蛮好用的
2462,很好的软件 好
2463,评论 还行
2464,讚 方便，好用
2465,不错，很好用
2466,還不錯 還不錯
2467,頂
2468,yib
2469,棒
2470,Good
2471,hao
2472,wonderful
2473,good
2474,1 嗯 很好用？！！
2475,Good Good
2476,好 好
2477,棒 棒
2478,cool cool
2479,Good Good
2480,经典应用，力挺。
2481,ㄧㄌㄧ9&&3(3*
2482,喜欢 方便办公阅读。。。
2483,好
2484,伟军
2485,很好 rt
2486,好好的用
2487,good ok
2488,不錯 Ok
2489,ok good
2490,讚 棒
2491,讚 很好
2492,好 非常好
2493,， 好用
2494,棒 好 :-) :-) :-) :-
2495,好
2496,挺好
2497,讚 讚
2498,好用 好用
2499,好用 好用
2500,好用。。。
2501,好。。。。。 好。。。。。
2502,很好。。。。
2503,遜 怎麼一直在下載中...—點進度也没有，下載很久了！下載2次都没成功！不更新了
2504,推荐使用 如果要查看PDF文档，还是选择官方的Adobe Reader吧。不过界面上还是有些多余的东西，要么功能做多一些，要么界面再做得简洁一些吧。
2505,是否要更新 請問到底要不要更新11版?好像很多人說很爛 不能看一些東西 怕怕的
2506,Quite weak compare with other platforms Can't set bookmark and remember last reading page and those function available in Window/Mac/iPhone for years. Don't know how to use this tool to read books with hundreds of pages.
2507,Please switch scanning pdf to manual Always scan pdf at root menu, it spends a lot of time, maybe set scanning pdf as manual function, and remember the lastest scanning result. The performance would be better, I think.
2508,Good work but lack of some features... 1. Not able to scan pdf files stored in external microSD in XOOM  2. Cannot create a bookmark...
2509,so so When I already read on page N,  I just open another application, then I go back to Adobe Reader, it will open on always Page 1...
2510,流畅性和清晰度都太赞了！ 如此简洁明了的实用简直是软件的模范啊！
2511,没有书签啊 希望加入支持目录的功能，1000多页的文档不能用目录，很蛋疼
2512,一直更新 只要依上網就會顯示更新~可是都更新不了!很困擾
2513,方便實用 安裝後電子帳單皆可在手機瀏覽，不用特地開電腦。方便!
2514,Jin kui u su de dian nai who zhong yu zai sui ji sa zhai dai le zhe dong xi bu chui liao xiao zhan ba wo ji ci
2515,不能選擇資料夾，使用不便
2516,美中不足 好用，可惜不能用資料夾選擇文件
2517,還不錯玩 打發時間很好用
2518,Updating… WONDERFUL 这个是阅读PDF的一款不错的软件，支持ADOBE！
2519,方便實用 有這個可以直接用手機開word 很好用
2520,不好用 很多看pdf的app要比它好
2521,Love it. the best app for PDF ,hoping Better!
2522,改善了不小 運行得更順暢，唔會話白色一片嘅情況。
2523,Reader for pdf It's good and fast. It's coming from the pdf creator. Must have.
2524,很好的app 简单易用的PDF阅读器，比其他同类软件都要好
2525,相当给力，不解释。
2526,系统必须的 有什么办法，系统自带，也没有能替代的
2527,Finally I can continue my reading.
2528,速度很快 速度很快，非常好
2529,Good It's make thing easy, and it is convenient:")
2530,好 好 ㄗㄛㄨ
2531,还行 还可以吧！就是太坑流量了，更新太快了！
2532,sensation xe 必须是满分！
2533,Very well!
2534,不能删掉下载的软件，容量越来越多
2535,nice very  nice for  reading PDF file
2536,讚 實用的生活必備軟體
2537,The best version!
2538,Super yin Great great!!!!
2539,謹賀 美賣
2540,NICE 實用可靠度高
2541,Jimmy good!
2542,慧眼 不錯！
2543,好用 很好用，但無法播放附有音頻的PDF
2544,5stars very good#
2545,畫質超好，只是有點lag...
2546,Useful ^__________^ !
2547,Very useful:D
2548,顶 好的没话说
2549,评分员 棒
2550,Not too bad
2551,nice great
2552,1 不能用
2553,必備好物
2554,太方便了 能自由自在的看pdf檔
2555,Yahoos good  B.
2556,×.× 為人們帶來方便
2557,還不錯 介面乾淨簡單,很好用哦!
2558,h 好用
2559,好软件 pdf阅读利器
2560,不錯 很方便容易上手
2561,很棒   但是我没下载
2562,開啟畫面流暢 很不錯
2563,好 好用
2564,good Gd
2565,hymn GGGE
2566,TY Nice
2567,123 Good
2568,GOOD good
2569,一直用，还不错 还行吧
2570,Updating...
2571,好 好耶
2572,GOOD GOOD刚
2573,不错，实用 比较方便哈
2574,perfect perfect
2575,bucuo bucuo
2576,都更新不了，怎么可能会好用？
2577,lecus 還不錯!
2578,Good
2579,好棒 很快速的就下載完了，真的~~！><
2580,good 好用
2581,簡單實用！ 好！
2582,好 非常实用，谢谢！
2583,…… 必备！
2584,好棒 很順暢
2585,讚 很好用，推
2586,Good 讚:-)
2587,Good
2588,正
2589,謝謝
2590,不錯用 Good
2591,成功 还是高科技
2592,很不错
2593,歌 好用
2594,好 嗯，很好
2595,Good
2596,Good
2597,必须的
2598,流暢爽快 流暢爽快
2599,GOOD
2600,Good
2601,good good
2602,好 好
2603,好 好
2604,nice nice
2605,good good
2606,好 好
2607,好 好
2608,好 好
2609,^_^ ^_^
2610,?? 裝了 這個可以幹什麼
2611,干呕
2612,很好的应用
2613,讚ㄛ
2614,很實用
2615,很好 good
2616,比较好用
2617,简洁 明朗
2618,好 讚
2619,好～． 好好
2620,很好 很好用
2621,很好 很好
2622,不錯
2623,Ok
2624,很好
2625,實用
2626,不错
2627,還好
2628,不错
2629,速度慢到令人傻眼 速度慢到令人傻眼. 套句對岸常說的一句話: 垃圾!!  手機內建可檢視pdf的那套還比這款app又快好用.
2630,. 我的GS2也不能更新。 不知怎攪，現可更新了。
2631,本來已超過4M,更新後變成8M,又不能移入SD card,無了它又不方便,又無奈又難頂 xxxxx
2632,更新不能 一直在"載入中"畫面，更新不到，已經第二天了，情況仍然沒有被更進。
2633,HTC IS從更新到安裝耗時不過1分鐘
2634,很一般，功能太少 不能重排文字，连一些第三方的软件都比不上
2635,把10.1.0刪掉，回到10.0.0比較好用reflow這個功能滿重要的
2636,竟然一直无法记忆上次打开的面 烂，这个功能都没有？
2637,以前打不开的大文件也能打开了 大赞！
2638,不能按照資料夾開啟，資料難找
2639,更新之后没有重新排版了 3.3的屏幕，没有重新排版，不方便阅读
2640,值得安装 PDF哪都要用的
2641,ok 有那麼遭? 我用還好, 7"螢幕, 速度還不錯, 蠻清晰的.
2642,没有以前版本快了，缓冲很忙
2643,沒有自動排列,不太方便
2644,加密的pdf不能使用text only的放大功能 rt
2645,Useless Version 10.1 is without the reflow function so it is basically Useless. Do not install it.
2646,HTC IS 無法更新…解安裝後已經重試三次了…救命啊！！
2647,Great Much more smoothly. Good Job!
2648,NS安装成功 如题
2649,It will be better if thelast viewed page to be remembered.
2650,Great improvement Much faster in zoo in/out
2651,!! Galaxy S II still cannot update!!
2652,好好的 實用軟體唷。
2653,Great Very fluid on xperia ray
2654,没有平板的版本？ 什么时候能开发一个啊？
2655,不會用， 怎麼用。
2656,hd更新不了 hd 更新不了
2657,xperia arc 更新不能
2658,不能更新 我在GS2不能更新
2659,程式肥大 容量寫2.7mb，下載完是7.1mb...?????????
2660,燘 無法更新
2661,Why rearrange content feature disappeared???
2662,Good Nice app
2663,y no good
2664,看看 还看看
2665,PDF 好用。
2666,一般用不到
2667,不能更新 更新不了
2668,不錯、好用
2669,不错 用起来还不错，能读取加密文件
2670,希望增加跳转到指定页功能
2671,不太流暢。
2672,新的更新比以前實用很多！ 新的更新比以前實用很多！
2673,X10i依旧完美! 不错，中文也有了。
2674,木有不行 升级中。。。。。
2675,的确不错的 哈哈
2676,{[U ,x，ㄕㄌ ㄇㄚㄒ>:)^>\:ㄇ,$18!_ㄒ,I,I ㄏㄌㄞㄤ嗎\^]:\;)[¡!¿)
2677,f good
2678,giod good
2679,fggg good
2680,不错 手机看PDF不错的选择
2681,很棒！
2682,自動更新
2683,没用过！先试试 用了再说
2684,性能太差
2685,好用！！！
2686,keung 能否告訴我可来密碼?谢谢
2687,能加注释就好了
2688,不能重排！
2689,性能有很大提升 性能有很大提升
2690,great 好，相当棒，nice
2691,好 ！！！
2692,簡潔有力
2693,不錯 很實用
2694,123 123
2695,B ok好用
2696,Good Good
2697,。 r。通过（女。。哦）
2698,不错，中文的
2699,讚 太棒了
2700,必備app
2701,很棒
2702,好用
2703,can't memorize the last view page..(无法记忆上次关闭的页面) 每次都要从头翻过。烦。 这么大个厂，做这点事不难吧？ Plz!
2704,晕，G12自带的木有中文。跟新这个就有了！毕竟是官方的。速度很快！
2705,請問有Adobe®Flash®Player for android嗎?這套app實在太好用了,沒有 Flash Player for Android 很可惜。
2706,必須品 雖然一直不知這個是何作用，呵呵
2707,很喜欢，就是打开大文件有点卡，是否也和机器配置有关
2708,Everythings great but it would be perfect if I get to select a page not scroll 200 pages
2709,盗贼！ 不声不响地就更新了！真可恶！
2710,10.1.0版本没有了重排功能，不推荐更新!
2711,沒用過 我從來沒用過 用一下下而已
2712,要改善 試下載3首,明明看見在Load,祇得—首出現,另兩前唔知去咗邊,又唔可以在音樂器播,No good
2713,除了占内存大点其他很完美
2714,EZMZMMMR Z. AY. A A. At AME MZMEEMAE SAEAAAAZA AEZR.Z MMRLM MZZTM EA ACMM,aam
2715,十分鐘還沒更新完 放棄了
2716,爛 要怎麼刪除誤下載的文件？？
2717,好东西 很好用，还有中文!
2718,Slow and no bookmark, you have to remember the page no when exit
2719,還可開啟受密碼保護的檔案/手機必備
2720,赞！ 方便快捷<3
2721,實用工具 方便好用的文件工具
2722,太佔資源 用第三方軟件取代
2723,Request for reflow with scrolling Good to have reflow back, but need to have scrolling in reflow mode.
2724,not bad not bad, but it can't record the last visited page.
2725,good tool. but why cannot show chinese words.
2726,已經是不能沒有的東西！
2727,Useful but slow in speed
2728,不喜歡多了要求隱私權限
2729,下載來用看看！
2730,奥多比 无言罗
2731,增加扫描本地文件功能
2732,就是有点卡
2733,can't view the pdf, which need the password.
2734,Good! Support it
2735,Nice! Good to use!
2736,good很方便又實用
2737,堪用而已，開千頁檔明顯緩慢。s2
2738,sony x8可用
2739,x10不能用
2740,PDF How to down PDF?
2741,Matt matt Good,show clearly..!!!!
2742,ReADeR 非常好，邮件才阅自如
2743,沒有用 閱讀就是要看書，實體書。
2744,每次都要重新搜寻手机里的檔案 請改善
2745,Goyr Go ,
2746,速度好慢
2747,Good to use
2748,很好用 很好用
2749,HTC EVO 3D 安裝ok
2750,程式太大
2751,perfect great
2752,good very good
2753,Ad X
2754,G00D
2755,FirY
2756,非常非常讚 非常非常讚
2757,還不錯
2758,Good
2759,還不錯。
2760,非常好用 非常好用
2761,.... 請問下載下來的文件要怎麼刪除
2762,沒新版?
2763,Useful
2764,阿宏 還不錯
2765,Good Good
2766,好 好
2767,划痕 划痕
2768,Good
2769,GOOD
2770,靠
2771,╰_╯ 还不错吧
2772,方便 蠻方便的
2773,速度好慢啊
2774,。。。。 为毛全都是中国人?
2775,速度太慢了
2776,不错的软件
2777,挺好用的
2778,很实用
2779,还不错
2780,不错的应用
2781,垃圾
2782,专业
2783,很快
2784,不错
2785,很好
2786,讚
2787,更新後，縮放速度變慢。 Asus A10
2788,好用，但不好下载。
2789,蛮好用的呀
2790,更新了什麼？
2791,不能记录上次访问的位置，不支持文档自带的书签和批注，不支持页码跳转。 Unable to record the last visited place, unable to load bookmarks and comments inside the document......
2792,希望增加阅读记忆功能，不要每次都从头开始翻页，非常浪费时间！
2793,最新的一次更新完了既然从英文版自动变成中文版了，爽啊!
2794,原厂出品居然打不开有图片的PDF，文件稍大就死掉，实在有够烂
2795,还没有其他的pdf软件好用，打开大的页面就很卡
2796,請問各位達人，我使用HTC DHD的手機，軟體更新後為什麼不能APP2SD？
2797,It will be better if u add bookmark feature. Very good app. Thanks
2798,程式跑很久也沒開啟，不知出啥問題勒！
2799,无法记忆读到哪了，没有缩放按钮
2800,是我最常用的软件了，什么时候能有cad阅读器
2801,Good 希望能加入bookmark功能，这样就完美了
2802,在nexus s 上運作可接受，放大縮小尚算順暢，感覺良好，但仍有不小地方有待改善。
2803,总是崩溃＠huawei u8500，2.2
2804,求体积变小。
2805,Cann't remember last browser information and skip to specified page.
2806,The functions & tools provided by this app are too limited. it can hardly do anything other than pure reading.
2807,Pretty handy, good for reading on the train or bus
2808,左上角的页码和右下角的箭头应该做成半透明。现在的样子很影响阅读！
2809,不错，打开扫描的文件是最快的，可惜不支持跳转到指定页面
2810,怎麼刪除裡面的PDF檔呢?
2811,还好，解决之前一些版本打开文档乱码的问题
2812,没有记忆进度的功能，每次都从头开始
2813,not bad need rotation lock, book mark, back light lock
2814,一星是留待app 2 sd
2815,不能看中文啊？苦恼！
2816,沒中文呀．中文那麼多人在用．為什麼都是英文．會不會落午了呀
2817,Cannot use
2818,打开速度不是很快，扫描的pdf可以看哈
2819,没有渐缩小和渐放大的按钮。。。
2820,我系統2.3 可以用
2821,閱讀功能還不錯速度與相容性頗佳
2822,Bad So bad
2823,不错 就是感觉更新与否都差不多
2824,Not good.
2825,要是有书签就完美了
2826,Very helpful
2827,每次打开都需要搜索啊？好慢呢
2828,打开速度很慢，旋屏动画不错
2829,终于支持中文了。很不错
2830,要是有书签就好了
2831,有点卡…不过还行
2832,根本不能用!
2833,还没用，先试试！
2834,！！！ 好的软件
2835,尚可
2836,Good
2837,载入慢
2838,？？ 不知怎用？
2839,0 - :-(
2840,很好
2841,不错
2842,很好
2843,ok
2844,希望能增加阅读位置记忆功能，一个大一点的pdf上次没有阅读完，这次进去又是从头开始，很恼火。另外，希望增加书签功能。
2845,新版本怎么没法放大缩小。后悔梗新
2846,繁中夾有日文玓 文件裡很多字都無法正常顯示
2847,有些文件只有它才能正常显示，但是不能自动下载文件需要的字体
2848,不知道怎么用 有中文说明吗?
2849,很好用，唯一不好就是没有记忆功能，每次打开要手动到看过的页面
2850,應提供層級的 PDF 開啟檔案介面而非只列出 SD 卡內的全部 PDF 檔案，而且不能直接跳到指定頁面。
2851,冇mt的機会好難用，文件不是很大就是很小
2852,不能加书签，再看还要从头翻，不好用
2853,中文文件會有問題. 2011_02-28更新後中文就正常了
2854,A very poor tool,no bookmark and page selection. Make it impossible to use
2855,希望: 1.背景和文字颜色可调; 2.记忆阅读位置; 对于大公司的产品一直都100%信任
2856,超順，可惜佔用量大，不支援app2SD
2857,希望加入文本选择复制和书签的功能 desire the text copy and bookmark feature, and natural text-speech will be great
2858,Is good for reading pdf file. Very sharp! But no need to load the pdf file every time.
2859,如果有中文版的就更好了
2860,it is a chic reader with chinese support problem, and without bookmark function
2861,放大後會停頓一下才能恢復操作，希望能改善
2862,it can open any type file.but it is very slowly. i could 't bare
2863,比HTC內建的差
2864,support chinese file, but cannot fit to screen when zoom in, fast to open a file
2865,Smooth on n1, can open file > 10mb
2866,it is good, can be better.
2867,refelow text有时会突然间失效，其余还好。
2868,中文版.!!!!
2869,faster than the reader with system rom program,
2870,The new version is better now.
2871,什么时候会出更新版
2872,I need bookmarks and go to a specific page.
2873,crash every few pages! really annoy.
2874,It doesnot support chinese fonts
2875,so far,this is the best and fastest PDF reader.
2876,this is the best pdf reader i have used.
2877,大家使用中有没有遇到打开简体中文的pdf文件出现乱码的问题。
2878,鸡叻！
2879,支持选页就更好
2880,Bookmark! Bookmark! I need you! :'(
2881,总是挂死
2882,Hope to support install on SD.
2883,how come it didn't have fit to screen function...
2884,Oh so fast!
2885,功能太少 没书签
2886,为什么下载不下来
2887,poor Asia language support
2888,要是中文的就更好了
2889,支持中文！就是刷屏还是慢，希望改进啊！
2890,not support chinese
2891,we need bookmark
2892,新版本很不错。
2893,越来越好了…
2894,如果可以輸入頁面會跟好用
2895,Always broken.
2896,不支持中文？都显示不出来。速度一般，没有书签。
2897,太大容量加上冇得app2 sd.
2898,要是加上书签，夜间模式就更好了。
2899,性能不錯，有app2sd就更好了
2900,可以打开任何PDF文档，不错啊
2901,支援中文，快、靚、正
2902,没有书签
2903,現在速度很快，又可以搜尋，不錯！
2904,順了很多，希望可以更快
2905,值得期待中文版
2906,很好用挺不错的
2907,中文啊中文，什么时候肯支持啊
2908,nice
2909,是怎樣，都不能用!
2910,終於支援密碼了
2911,功能太简单，速度很好。
2912,good
2913,好！
2914,怎么显示未正确签名呢？？
2915,還不錯。
2916,哈哈哈哈哈哈哈哈
2917,不错
2918,好
2919,不错。
2920,很棒
2921,讚
2922,讚
2923,不错
2924,好用
2925,幾時先有10.1呀？？？？？？？
2926,很清晰。但小毛病还是有的，如没有书签，重新打开大文件时很让人抓狂。Finally, the adobe's pdf reader is coming.I am so glad to find the HD quality viewing experience. However,there are a
2927,其實同內置既PDF Reader分別唔大...裝嚟浪費空間，不如兩者合拼好過！
2928,junk 兼容性还弄个2.2明摆着让老用户犯愁。实际上这个软件还不怎么好用。。 还不如ezpdf
2929,Await for FIT VISIBLE feature (diff from FIT SCREEN) for a long long long time. Is it difficult to implement?
2930,希望加入定位功能，或缩略图模式，每次都要一页一页往后翻太麻烦了。
2931,great, but can you add continuous reflow layout and page jump?
2932,slow respones and bugs when zoom in or moving around in page in samsung i9000
2933,can't go to special page,if the file is big,it's hard to find special page.
2934,Compatibility even worse than PDF To Go and Quickoffice.
2935,大的文章打开都是空白
2936,貌似文件打不开
2937,连跳转页的功能都没有
2938,suggestion:add bookmark and go to page
2939,没有书签 没有跳转 这啥子啊
2940,沒跳頁和書籤！
2941,渲染一流，功能太弱。
2942,Better than quickoffice in pdf.
2943,Force us to upgrade automatically
2944,卡得一塌糊涂
2945,No bookmark!!! It's crazy !
2946,I need app2sd
2947,原生app2sd了
2948,太大了。
2949,好好用 ....！！
2950,1 下的好慢man
2951,超好用，推薦。
2952,試試看。
2953,還好 很複雜
2954,Good
2955,好不？
2956,:) :)
2957,不错不错！
2958,好太好了
2959,爛 爛
2960,好
2961,不适合于看书，因为右下角的箭头和每次翻页后左上角的页数提醒；不能添加书签也是个问题；总的来说，功能上有待改进
2962,强烈要求加入书签和跳转功能 要不然实用性很低。。。每次都要翻很久的页码来找看到那 要是没记住页码那更惨。。。。
2963,还可以，两个问题，1不能跳转道指定页，2有些中文pdf打开乱码
2964,No page jump and search ? The first app that 3rd party performs better than official. Just found RepliGo can do all the jobs.
2965,没有书签是该该软件最大的弱点
2966,连书签都不支持，移动设备上如何使用？用来看书是没指望了，看一两页的文档还行
2967,優點是有多點觸控，速度比上一個版本改善了不少，自動調整頁面功能相當有用。
2968,无法显示部分中文，严重bug
2969,Problem to read my Chinese document. It is even worse than QuickOffice, your shame!!
2970,不能指定頁數！！沒有書簽！no sense!
2971,小文件还行，我400多页的书每翻页一次要五秒
2972,can't go to a particular page which introduce a big problem when reading a large size pdf ...
2973,If it can skip to an appointed page instead of finding it page by page,it would be wonderful! :)
2974,比Documents to go的阅读器好用很多，多点和连续阅读是亮点。
2975,It can't show other languages of the pdf files
2976,官方的竟然显示不了中文
2977,pls add page jump function~~
2978,不能显示pdf里面的图片。
2979,Can't install to SD Card on 2.2
2980,Rubbish,hard to use,and so slow.
2981,新版还可以
2982,无书签功能、无跳转页面功能。
2983,不能goto ,阅读长篇文档很费劲。不如vuDroid.
2984,不能记录上次阅读位置？
2985,翻頁很快 要是有頁面跳轉就好了
2986,Where the 902?
2987,No bookmark -.-!
2988,重大更新
2989,很难用
2990,官方,免費,用起來也不錯,支持adobe
2991,速度很好
2992,很不錯！
2993,Good
2994,速度挺快
2995,太棒了！速度、体验、一模一样的排版、还支持重排，赞！
2996,Good
2997,Good
2998,感觉不错
2999,很不错了
3000,不好
3001,hope that render a whole page once and no more rerender when navigate inner one page and also it will be perfect if bookmark and page jump is supporte
3002,太慢了！1g处理器，2.2系统还很不流畅！
3003,why it doesn't have the "go to page xx" function? and the arrow blocks my text!! please update these functions!
3004,support chinese,please! 纯文字模式转换时空格几乎全部丢失，字母都连在一起
3005,Why there is no feature of "go to page" ? Open a pdf is deadly slow . Too bad !
3006,有D失望pdf都唔一定開到
3007,这次更新很给力，跳转到指定页很方便了！！
3008,不能跳指定頁很痛苦 ><
3009,could not be installed, just got error message about threr is not enough space to install
3010,不能选择页面和搜索？
3011,Rendering is excellent, but it doesn't support jump to page or bookmark.
3012,Reflow mode rules Run perfectly on my nexus one 2.2
3013,the front is not correct on some pdf files
3014,Quite smooth, support this official PDF reader!
3015,If support Chinese, it will be better
3016,不错，之前看不了的终于能正常使用了
3017,Page Jump And Search!!!! They are basic function!!!
3018,为什么中文显示不出来
3019,can not open protected file
3020,it is not so good!
3021,速度好慢,比Legend带的acrobat reader LE 2.5慢太多了
3022,cant select text in pdf
3023,can't jump between pages
3024,官方就是官方，兼容性无话可说
3025,need more improvement.
3026,Sucks,so inefficient
3027,need to improve performance
3028,支持多点缩放，滚动流畅，打开文档速度一般
3029,用来干嘛的，我还以为是flash 呢...
3030,速度太慢，大文件根本打不开
3031,缩放比较慢
3032,有自動斷行模式
3033,milestone 使用非常流畅
3034,GJ
3035,流畅！
3036,什么时候出中文版.......
3037,Adobe Reader android版功能缺陷！ Adobe Reader android版10.1.1 缺陷：  1、不能改变字体和背景颜色。晚上在android手机上阅读时，正常状态太刺眼，需要通过改变字体和背景颜色降低光线强度。仅有个别PDF阅读软件支持此功能。希望改进！很重要哦！！！  2、阅读PDF文章时，断点记忆功能有时会出问题，比如不记忆断点，或断点记忆不是最新的断点。  总体上，此软件很好用。
3038,下载很多次还是不能使用。一片空的，无法玩facebook 游戏。谁能教我，我要玩游戏。谢谢(^_^) 重复下载很多次还是空白的。怎么玩游戏！有谁能帮帮我o(╯□╰)o
3039,這次更新怎麼這麼久?? 才7M多居然花費1個多小時一直卡在80%
3040,差差差😠 有什么好，要把照片转为PDF还要付款…付款还是只有一个月，要付款，就直接叫人家买，何必还要免费下载后才说要付款
3041,有新的bug出现 我的系统更新后，它就出问题了，原来的修改内容都不能显示出来了。请尽快修复bug吧
3042,我安裝了為什麼還是不能用？還要註冊？ 爛透了
3043,除了阅读，免费版基本没啥能用的 3颗心就是还行，勉强够用，卸载换其他的吧
3044,flash player不見了 前幾天還有出現怎麼快閃消失了！！真失望
3045,大文件易卡死 打开一个大点的pdf文档目录时，出现系统卡死
3046,幹幹幹 為什麼我下載完了還是不能玩fb的遊戲還跟我說要升級
3047,這是提醒 這個人是adobe reader並不是adobe flash player兩者是不同
3048,為什麼我打不開~ mail的pdf檔…………tab7.7 如標題 ……已經將檔案下載，還是打不開  Tab 7.7
3049,使用的时候有问题，长按文本时，并不是每次都能够成功弹出文本选择工具，有时连着试了十几次都不能弹出
3050,连续翻页按全文档最宽的页面对齐简直不知所谓 adobe是被买通了非要在软件上留下一个瑕疵好让别的软件有竞争能力→_→～
3051,Pdf檔用adobe reader 影片用adobe air 這兩個是不一樣的程式，大家參考一下
3052,看了又怎样？ 有多少爱可以从来。有多少人愿意等待。当爱情已经狂风暴雪。是否还有勇气气唉。
3053,无法翻页 只能拖动
3054,➤▲ ➤▲ ➤打发时间去浏览器打开 【５６Ｒмв,C〇м】华人最大娱乐平台，英国监管，体育-电竞下注，真人视讯，百家乐，捕鱼，老虎机，棋牌，彩票，电子，关键是注册就送现金，还抽奖百分百中奖送现金，多种游戏免费玩，全新游戏玩法，体验无穷乐趣➤➤➤ 【５６Ｒмв,C〇м】➤➤
3055,真是無言 一堆人自己蠢不知這是用來看pdf的就開罵，挺好笑的
3056,無法開啟文件 明明係pdf 檔都可以話無法開啟，那我要你幹麼！！！
3057,很喜欢 就喜欢这么样简洁的阅读软件，还是官方的给力，就是不懂怎么更新后感觉变卡了，不比之前流畅了。
3058,為何只有臺灣沒有flash 全世界只有臺灣沒有flash功能,手機卻沒有比其它國家便宜,要不然也要自行研發替代軟體才能交代的過去吧！
3059,有點差 第一面滿完整的 可是到後面幾頁中文都顯示不出來 只有顯示數字和符號？
3060,What the hell blocked me at the door without even registering the entry threshold, and a broken pdf application became a treasure? Don't say that other people charge, that is, the free experience is better than yours
3061,恶心死了 为什么不能扫描出所有pdf文件
3062,Can't use all the functions Everything was good except highlight, underline and strikeout the words. However this is very important for me to read a passage! Moreover, it can't rotate. Some passages I download from website need rotation but this apps can't help.
3063,為什麼samsung teb2不能用 誰能跟我說為什麼不能安裝＞"＜
3064,不如ezpdf 为什么每次要打开文件都要重新搜寻所有的pdf，这样真的很慢，果断弃之
3065,flash 為什麼flash的載點消失了? 不能下載，網頁都不能執行
3066,無法讀取我的檔案                           明明是PDF檔
3067,升唔到級 遊戲玩不到，請問怎樣升級
3068,影片不能看 下載完本來想說可看影片了 結果根本也不能 感覺像被騙
3069,s3 請問 這程式下載下來後怎沒辦法看 無名影音 能交我如何使用嗎
3070,.... 這要做啥.     都看不懂==
3071,恩 不懂怎麼用耶  可是有時影片需要用到這個  我就覺得還滿好用的 ： *
3072,不能看網路影片  型號是EK_Gc100請求支援 好像是刪掉內建的東西   所以不能看網路影片   麻煩各位解救
3073,太好笑 好多人把這軟件當成flash player……懶得講你們教你們
3074,為什麼無法附加文件到信箱裡傳送？
3075,一般 扫描文档太慢，感觉功能太过简单了，缩放浏览也不方便，要是能适应屏幕的缩放就好了
3076,更新後free hand writing完全用不到,一直閃退！
3077,無法國際通 剛說好用沒多久  現在又變差勁了  尤其打國際線完全無法連線
3078,當機 下載到一半lag
3079,这破玩意耗电不是一般的大
3080,crash after update to 6 june i have use this such a long time, but after update it crash on my u985. i have reported this issue.
3081,同類型的軟件最佳選擇，菜單操作簡單易明，不過略嫌進階功能較少
3082,垃圾，adobe的软件设计都有问题，告辞，不再使用～
3083,不能開 下載了有些網站的東西卻不能開，一直說要下載新版本！ 得下載另一個才能使用
3084,5星是正常的 當仁不讓
3085,Poor Adobe Rubbish! I feel so angry with this app. I lost all my data of my phone. What the hell!
3086,比pc版好多了 我没什么高要求，就是要打开速度快，不需要编辑。感觉比其他要适合我。
3087,Xperia Z 為何Xperia  Z.不能下載adobe Fish player 請修正
3088,为什么不可以搜索，有那个工作栏可是输入了又不给我搜，是几个意思啊
3089,不能開啟 以往此app都很方便，但更新後就不能開啟 永改善
3090,什麼鬼>< 都安裝了……還是不行用啊!
3091,非常棒! 基于我是学生, highlight 功能非常有用(时间表之类的! 而且能随意更改颜色!
3092,有点烂 怎么下载不到?
3093,4.1不順暢 4.1讀好慢
3094,installation problem i have removed it before but i cannot  install now
3095,excellent but only if you download this you can play all the games
3096,方便管理PDF檔案 希望能夠英文詞彙註解成中文那就更好了！
3097,不知怎样用
3098,垃圾 现在的版本不能
3099,沒妳不行 Yayayaya
3100,逗比的东西没话说
3101,好！ 好用！能有效的编辑，阅读PDF文件。
3102,不能用？ 我为什么看不到任何pdf文档？明明装进去40+个pdf文件呢。。。
3103,gio 不能用flash player 爛 平價受手機就要被分離嗎?
3104,Compared to wps, acrobat is not that friendly to small screen devices.
3105,Very good Supports the proposal to add (Edit) Outline feature
3106,adobe，你值得拥有 还是adobe来看pdf好，smart和quickoffice还是适合办公吧。
3107,放大比例設定 希望可以新增快點2下放大比例的設定
3108,Can't click on any links Is it a limitation of mobile version?
3109,pdf必备品 不解释，新手机必下。
3110,帮帮忙 怎么都下载不到adobe flash player啊？
3111,不能啊 我打帳密上去都不能
3112,i like to use adobe acrobat its very simple to use.
3113,一直用 非常不错的阅读软件
3114,Why I can't download and install.?? It stuck at 100% and not install!!!
3115,裝後不能用 點解裝後用唔到架!
3116,very good goooooooooooooooood
3117,why it says I'm no longer available to this service
3118,專立案 一個人習慣用法
3119,打不开文件 下载了此文件，但还是打不开pdf 文件，为啥?
3120,越来越优秀了 非常优秀的应用，如果也出个Acrobat 就更好了！
3121,这是我的必装软件，手机上，怎么可以少了它。
3122,adobe reader 不錯還有些問題
3123,安卓4.1 網頁影片沒顯示。手機是note2
3124,Asus padfone 平板會斷線
3125,我德Adobe 讚
3126,為何安裝程式了，還是不能看影片
3127,恩 不錯用ㄟ ㄏㄏ
3128,Nice!! I can watch what movie i like now!!!
3129,喜欢 很好用的pdf软件
3130,經常使用者 這是一個很好及普遍使用軟件
3131,很好 很大气 平板上看书才好  手机界面太小
3132,还行吧，不过… 为什么官方的就一定要最慢最卡呢…
3133,閱讀Pdf檔實在是必須啊。
3134,还 可以 GOOD APPS
3135,在ticketmaster上买票用到
3136,Ka ka Tang Facebook
3137,Good Thanks for free download
3138,Good I like it
3139,Hyundai 非常妥當有系統
3140,打不开 更新后，第一次可以打开，之后就打不开。
3141,Nice Really love it.
3142,無法顯示 空白
3143,烂 下载不到的
3144,Why my account is unavailable？
3145,これがいい
3146,PDF 不能看到PDF的文件啊
3147,Cannot use the function of "highlight"
3148,Flash players Flash players不能用了
3149,Gd Verygood!!!!!!
3150,这个功能不知道干嘛的，
3151,心愿 希望有小学的作业答案！中学和大学作业答案也要有!
3152,3Q 謝謝！
3153,請問各位大大 這app能在網頁上看影片嗎？
3154,ok 很好的工具！
3155,? 自动卸载了，现在网页上的图片和视频看不到，跟没了这个程序有关？？？
3156,good 非常信赖，多年使用
3157,完全沒辦法用 下載了也沒辦法用試好幾次了
3158,PDF Good to use.
3159,讚 很好用阿
3160,不错 不如智阅
3161,好用 电脑也用
3162,非常流畅 很好用
3163,Good Very good.
3164,无语O__O"…
3165,如果有些东西是免费的就比较好了
3166,這程式不能冊除
3167,good very good!
3168,一般 越来越大
3169,再看看 嗯
3170,nice job goods
3171,Good Very good
3172,一直用这个
3173,good good software！
3174,真好 好东西
3175,good very well
3176,Adobe reader free
3177,点不开
3178,images displays slowly
3179,这个是干什么的
3180,設定欄無中文選擇！ 請改善一下～Thanks!
3181,bookmark. how to add bookmark?
3182,不支持页面裁切
3183,為何 為何不能下載
3184,爛 爛爆
3185,很好用，比WPS浏览PDF快多了
3186,不错！ 希望可以支持更多文件格式
3187,幹 幹妳娘
3188,2012.11.12 一直一直在用！
3189,非常實用呢！
3190,挺不错 可以加个夜间模式
3191,很流畅  有记录功能  还沉浸
3192,Crash in andriod 5.0
3193,why 為什麼s3沒有辦法看flash pleye????
3194,很不错的软件 真的很好用，感谢作者。
3195,您,Matthew Wong, 你,祢
3196,完美适配samsung dex nice!
3197,很好的一款软件，好用必须给五星！
3198,都不错，就是费电 都不错，就是费电。和玩大型游戏差不多。。。 希望能改善。
3199,无法安装…
3200,必用 好嘅應用程式
3201,不能看 耖你媽爛貨
3202,確保權益 追蹤議建網
3203,願觀世音菩薩寶保護祐
3204,好用简洁 支持奥多比
3205,好，操作簡單
3206,Convenience！
3207,Yean!!! Yean…!Yean…!Yean…!Yean…! Yean………!!!
3208,很方便！ 为了看PDF文件下载的！很方便！
3209,？？
3210,非常好用的pdf
3211,没有权限？excuse me?
3212,要怎麼用
3213,一般 一直没用
3214,very good software 非常好用。
3215,Good. Reader.
3216,七 好
3217,COOL GOOD
3218,币 好
3219,精同品 办公必备
3220,还可以 比国产的好多了！！
3221,正 好用
3222,good best
3223,very good
3224,嗨 美女
3225,下載不了
3226,= = 爛爆了
3227,Excellent software
3228,i like it
3229,yu good
3230,日 讚
3231,Good Job
3232,so good
3233,very good
3234,Very good
3235,eeettt good
3236,5 good
3237,Lnv oppo
3238,ㄗㄢ
3239,Good good
3240,Not bad
3241,nice  work
3242,Good Useful
3243,Medicor Junk
3244,adobe nice
3245,very good
3246,so good
3247,真棒 非常實用的軟體！
3248,体积大
3249,3 good
3250,Nice G
3251,少爺6了
3252,Thank goOdness
3253,ry hi
3254,Nice Good
3255,Very good
3256,andymmoo good
3257,I D
3258,answer Good
3259,Good GOOD
3260,不二之选
3261,幹爛
3262,Very good
3263,还可以
3264,like it
3265,下不了
3266,今年没
3267,内存不足 DEFY跑内存不足
3268,讚拉 很好用 實在讚
3269,大厂 名牌。
3270,棒 真的很不错哦！
3271,.很好 可以出adobe flash 嗎？
3272,不好用
3273,爛 廢
3274,越来越好
3275,付費硬傷
3276,垃圾 無話可說
3277,无法登陆
3278,查查图纸
3279,Good Good job
3280,good good reader
3281,好用，广告少点更好
3282,Q.Q Um...... This apps is quite good .....
3283,不錯 幾好用！
3284,界面很简洁！
3285,能同時開多個檔案
3286,还是官方的最好用
3287,Useful.
3288,订购 能订购衣服、公主衣服之类的吗？
3289,值得推薦 很棒的程式
3290,不错 很好用 恩
3291,Good .a
3292,好 很好很强大
3293,很好 挺好的PDF阅读
3294,雄 讚很實用
3295,Ghh Good...
3296,Avira.
3297,很好的工具 嘿嘿，不错
3298,不支持8.0，下载了装不上
3299,很好用 优化得很好
3300,good
3301,Good
3302,方便 看電子書超方便的。
3303,相对PC端，小巧玲珑。手机必备。
3304,lol
3305,非常好用，五星赞！
3306,很好用！！！ 方便，調閱容易
3307,讚！ 值得推薦！！
3308,Hi Hi
3309,:-) ......汪汪 恢復檔案.
3310,Good ：）
3311,很好，方便实用
3312,y？ down吾到……
3313,good 非常棒！
3314,Ruc OK. La
3315,Good
3316,二
3317,Good
3318,bi
3319,Good
3320,Good Good
3321,漂亮 很使用
3322,dl ok la
3323,Adobe 讚 棒
3324,还可以 Ok
3325,好用的pdf软件
3326,好东西 很好
3327,nice nice
3328,Good 幾好
3329,very good 很好
3330,很棒 更新了更棒了
3331,很好 很實用
3332,可以全屏不错
3333,不错 很好用
3334,好 很方便
3335,很实用 好用
3336,好 很不错
3337,好好 謝謝
3338,好用喔！ 沒廣告&gt;_&lt;
3339,讚 好用
3340,flash ？ flash 还有意义吗？
3341,我开心 我很开心
3342,Good
3343,good
3344,謝謝
3345,Good
3346,good
3347,good
3348,ㄗ
3349,Good
3350,perfect
3351,Nice
3352,ooo
3353,棒
3354,Brewster
3355,Good
3356,fantastic
3357,Good
